/*
 Navicat Premium Data Transfer

 Source Server         : localhost
 Source Server Type    : MySQL
 Source Server Version : 50643
 Source Host           : localhost:3306
 Source Schema         : airport_platform

 Target Server Type    : MySQL
 Target Server Version : 50643
 File Encoding         : 65001

 Date: 26/04/2019 13:38:14
*/

SET NAMES utf8mb4;
SET FOREIGN_KEY_CHECKS = 0;

-- ----------------------------
-- Table structure for ap_aew
-- ----------------------------
DROP TABLE IF EXISTS `ap_aew`;
CREATE TABLE `ap_aew`  (
  `aew_seq` int(11) NOT NULL COMMENT '预警序号',
  `aew_scene` varchar(255) CHARACTER SET utf8 COLLATE utf8_general_ci NOT NULL COMMENT '预警场景',
  `aew_level` int(11) NOT NULL COMMENT '预警等级(1, 2, 3)',
  PRIMARY KEY (`aew_seq`) USING BTREE
) ENGINE = InnoDB CHARACTER SET = utf8 COLLATE = utf8_general_ci ROW_FORMAT = Compact;

-- ----------------------------
-- Records of ap_aew
-- ----------------------------
INSERT INTO `ap_aew` VALUES (1, '停止线路口', 2);
INSERT INTO `ap_aew` VALUES (2, '非自滑机位冲突路口', 2);
INSERT INTO `ap_aew` VALUES (3, '自滑机位冲突路口', 2);
INSERT INTO `ap_aew` VALUES (4, '航空器进入冲突路口', 2);
INSERT INTO `ap_aew` VALUES (5, '减速标志路口', 2);
INSERT INTO `ap_aew` VALUES (6, '同向低速跟车', 3);
INSERT INTO `ap_aew` VALUES (7, '对向避让碰撞', 3);
INSERT INTO `ap_aew` VALUES (8, '偏离车道压线', 3);
INSERT INTO `ap_aew` VALUES (9, '前向障碍物识别', 3);
INSERT INTO `ap_aew` VALUES (10, '视觉盲区超车', 3);
INSERT INTO `ap_aew` VALUES (11, '行人避让', 3);
INSERT INTO `ap_aew` VALUES (12, '机位车辆退出', 3);
INSERT INTO `ap_aew` VALUES (13, '路侧设施避让', 3);
INSERT INTO `ap_aew` VALUES (14, '航空器对接', 1);
INSERT INTO `ap_aew` VALUES (15, '非机位车辆进入安全线', 3);
INSERT INTO `ap_aew` VALUES (16, '非本机位车辆误入', 3);
INSERT INTO `ap_aew` VALUES (17, '车辆过近', 1);
INSERT INTO `ap_aew` VALUES (18, '正常车道限速', 3);
INSERT INTO `ap_aew` VALUES (19, '机位进入限速', 1);
INSERT INTO `ap_aew` VALUES (20, '对接限速', 1);
INSERT INTO `ap_aew` VALUES (21, '引导车限速', 3);
INSERT INTO `ap_aew` VALUES (22, '推航空器限速', 1);
INSERT INTO `ap_aew` VALUES (23, '限高区限入', 3);
INSERT INTO `ap_aew` VALUES (24, '滑行车道限入', 1);
INSERT INTO `ap_aew` VALUES (25, '机位穿行限制', 2);

-- ----------------------------
-- Table structure for ap_aew_info
-- ----------------------------
DROP TABLE IF EXISTS `ap_aew_info`;
CREATE TABLE `ap_aew_info`  (
  `aew_info_seq` int(11) NOT NULL AUTO_INCREMENT COMMENT '预警信息序号',
  `aew_info_aew_seq` int(11) NULL DEFAULT NULL COMMENT '预警信息预警序号',
  `aew_info_car_seq` int(11) NULL DEFAULT NULL COMMENT '预警信息交通工具序号',
  `aew_info_driver_seq` int(11) NULL DEFAULT NULL COMMENT '预警信息驾驶员序号',
  `aew_info_plane_seq` varchar(100) CHARACTER SET utf8 COLLATE utf8_general_ci NULL DEFAULT NULL COMMENT '预警信息航班序号',
  `aew_info_time` datetime(0) NULL DEFAULT NULL COMMENT '预警信息预警时间',
  PRIMARY KEY (`aew_info_seq`) USING BTREE
) ENGINE = InnoDB AUTO_INCREMENT = 13 CHARACTER SET = utf8 COLLATE = utf8_general_ci ROW_FORMAT = Compact;

-- ----------------------------
-- Records of ap_aew_info
-- ----------------------------
INSERT INTO `ap_aew_info` VALUES (1, 18, 418, 1, 'UT86896', '2019-04-18 08:01:00');
INSERT INTO `ap_aew_info` VALUES (2, 18, 418, 1, 'UT86896', '2019-04-18 08:01:00');
INSERT INTO `ap_aew_info` VALUES (3, 18, 418, 1, 'UT86896', '2019-04-18 08:01:00');
INSERT INTO `ap_aew_info` VALUES (4, 18, 418, 1, 'UT86896', '2019-04-18 08:01:00');
INSERT INTO `ap_aew_info` VALUES (5, 18, 418, 1, 'UT86896', '2019-04-18 08:01:00');
INSERT INTO `ap_aew_info` VALUES (6, 18, 418, 1, 'UT86896', '2019-04-18 08:01:00');
INSERT INTO `ap_aew_info` VALUES (7, 18, 418, 1, 'UT86896', '2019-04-18 08:01:00');
INSERT INTO `ap_aew_info` VALUES (8, 18, 418, 1, 'UT86896', '2019-04-18 08:01:00');
INSERT INTO `ap_aew_info` VALUES (9, 18, 418, 1, 'UT86896', '2019-04-18 08:01:00');
INSERT INTO `ap_aew_info` VALUES (10, 18, 418, 1, 'UT86896', '2019-04-18 08:01:00');
INSERT INTO `ap_aew_info` VALUES (11, 18, 418, 1, 'UT86896', '2019-04-18 08:01:00');
INSERT INTO `ap_aew_info` VALUES (12, 18, 418, 1, 'UT86896', '2019-04-18 08:01:00');

-- ----------------------------
-- Table structure for ap_car
-- ----------------------------
DROP TABLE IF EXISTS `ap_car`;
CREATE TABLE `ap_car`  (
  `car_seq` int(11) NOT NULL AUTO_INCREMENT,
  `car_dept` varchar(50) CHARACTER SET utf8 COLLATE utf8_general_ci NOT NULL,
  `car_sec_ofc` varchar(25) CHARACTER SET utf8 COLLATE utf8_general_ci NOT NULL,
  `car_type` varchar(25) CHARACTER SET utf8 COLLATE utf8_general_ci NOT NULL,
  `car_no` varchar(50) CHARACTER SET utf8 COLLATE utf8_general_ci NOT NULL,
  `car_brand` varchar(50) CHARACTER SET utf8 COLLATE utf8_general_ci NOT NULL,
  `car_name` varchar(25) CHARACTER SET utf8 COLLATE utf8_general_ci NOT NULL,
  `car_obtain_date` datetime(0) NULL,
  `car_start_date` datetime(0) NULL,
  `car_fuel_type` varchar(3) CHARACTER SET utf8 COLLATE utf8_general_ci NOT NULL,
  `car_basic_par` varchar(255) CHARACTER SET utf8 COLLATE utf8_general_ci NULL DEFAULT NULL,
  `car_value` varchar(25) CHARACTER SET utf8 COLLATE utf8_general_ci NULL DEFAULT NULL,
  `car_ser_cdt` varchar(25) CHARACTER SET utf8 COLLATE utf8_general_ci NULL DEFAULT NULL,
  PRIMARY KEY (`car_seq`) USING BTREE
) ENGINE = InnoDB AUTO_INCREMENT = 438 CHARACTER SET = utf8 COLLATE = utf8_general_ci ROW_FORMAT = Compact;

-- ----------------------------
-- Records of ap_car
-- ----------------------------
INSERT INTO `ap_car` VALUES (1, '运行保障部', '水电管理室', '皮卡', '民航C-75198', '东风', '助航灯光维修车辆', '2011-06-18 00:00:00', '2011-06-25 00:00:00', '柴油', '/', '/', '正常使用');
INSERT INTO `ap_car` VALUES (2, '运行保障部', '水电管理室', '皮卡', '民航C-75151', '东风', '助航灯光维修车辆', '2009-07-18 00:00:00', '2009-07-27 00:00:00', '柴油', '/', '/', '正常使用');
INSERT INTO `ap_car` VALUES (3, '运行保障部', '水电管理室', '皮卡', '琼BQ2181', '郑州日产', '供电运行车辆', '2014-10-14 00:00:00', '2018-11-20 00:00:00', '汽油', '/', '/', '正常使用');
INSERT INTO `ap_car` VALUES (4, '运行保障部', '水电管理室', '皮卡', '琼B40831', '长城', '供水站车辆', '2010-01-06 00:00:00', '2010-01-20 00:00:00', '柴油', '/', '/', '正常使用');
INSERT INTO `ap_car` VALUES (5, '运行保障部', '水电管理室', '皮卡', '琼BQ2220', '郑州日产', '供电维修车辆', '2014-08-14 00:00:00', '2014-11-05 00:00:00', '汽油', '/', '/', '正常使用');
INSERT INTO `ap_car` VALUES (6, '运行保障部', '信息中心', '皮卡', '琼B89678', '长城皮卡', '长城牌CC5031XXYPS44', '2011-11-13 00:00:00', '2011-11-22 00:00:00', '柴油', '/', '/', '正常使用');
INSERT INTO `ap_car` VALUES (7, '运行保障部', '信息中心', '电瓶车', '民航C-75373', '益高电动车', 'EG6088K', '2016-09-26 00:00:00', '2016-09-28 00:00:00', '汽油', '/', '/', '正常使用');
INSERT INTO `ap_car` VALUES (8, '运行保障部', '设备室', '电瓶车4座', '民航C-75372', '苏州益高', '电瓶车4座', '2016-09-26 00:00:00', '2016-09-27 00:00:00', '电瓶', '/', '/', '正常使用');
INSERT INTO `ap_car` VALUES (9, '运行保障部', '设备室', '皮卡', '琼B65896', '日产皮卡', '皮卡', '2010-08-17 00:00:00', '2010-09-03 00:00:00', '柴油', '/', '/', '正常使用');
INSERT INTO `ap_car` VALUES (10, '运行保障部', '设备室', '高空作业车', '民航C-75303', '高空作业车', '灯光维修', '2015-06-30 00:00:00', '2015-07-10 00:00:00', '柴油', '/', '/', '正常使用');
INSERT INTO `ap_car` VALUES (11, '运行保障部', '设备室', '电源车', '民航C-75353', '东风', '电源车', '0000-00-00 00:00:00', '0000-00-00 00:00:00', '柴油', '/', '/', '正常使用');
INSERT INTO `ap_car` VALUES (12, '运行保障部', '品质室', '电瓶车', '民航C-75277', '五环龙', '电瓶车4座', '2017-08-22 00:00:00', '2017-08-31 00:00:00', '电瓶', '/', '/', '正常使用');
INSERT INTO `ap_car` VALUES (13, '运行保障部', '场务保障室', '轿车', '民航C-75150', '荣威轿车', '跑道测试车', '2008-06-12 00:00:00', '2008-07-13 00:00:00', '汽油', '/', '1360000.0', '正常使用');
INSERT INTO `ap_car` VALUES (14, '运行保障部', '场务保障室', '清扫车', '民航C-75154', '客货五十铃', '清扫车', '2010-07-14 00:00:00', '2010-07-25 00:00:00', '柴油', '/', '360000.0', '待报废');
INSERT INTO `ap_car` VALUES (15, '运行保障部', '场务保障室', '清扫车', '民航C-75155', '客货五十铃', '清扫车', '2010-07-14 00:00:00', '2010-07-25 00:00:00', '柴油', '/', '489000.0', '正常使用');
INSERT INTO `ap_car` VALUES (16, '运行保障部', '场务保障室', '拖拉机', '民航C-75158', '福田拖拉机', '割草机', '2006-12-09 00:00:00', '2006-12-19 00:00:00', '柴油', '/', '105000.0', '正常使用');
INSERT INTO `ap_car` VALUES (17, '运行保障部', '场务保障室', '拖拉机', '民航C-75159', '福田拖拉机', '割草机', '2009-09-09 00:00:00', '2009-09-16 00:00:00', '柴油', '/', '118000.0', '正常使用');
INSERT INTO `ap_car` VALUES (18, '运行保障部', '场务保障室', '自卸货车', '民航C-75160', '福田货车', '自卸货车', '2010-07-13 00:00:00', '2010-07-25 00:00:00', '柴油', '/', '67800.0', '正常使用');
INSERT INTO `ap_car` VALUES (19, '运行保障部', '场务保障室', '装载机', '民航C-75163', '鲁工装载机', '装载机', '2010-07-13 00:00:00', '2010-07-25 00:00:00', '柴油', '/', '63000.0', '正常使用');
INSERT INTO `ap_car` VALUES (20, '运行保障部', '场务保障室', '五十铃', '民航C-75165', '客货五十铃', '应急救援车', '2010-08-11 00:00:00', '2010-08-26 00:00:00', '柴油', '/', '134055.0', '正常使用');
INSERT INTO `ap_car` VALUES (21, '运行保障部', '场务保障室', '压路机', '民航C-75167', '夏工', '压路机', '2010-12-08 00:00:00', '2010-12-15 00:00:00', '柴油', '/', '269230.77', '正常使用');
INSERT INTO `ap_car` VALUES (22, '运行保障部', '场务保障室', '拖拉机', '民航C-75186', '拖拉机', '割草机', '2011-03-04 00:00:00', '2011-03-12 00:00:00', '柴油', '/', '101769.92', '正常使用');
INSERT INTO `ap_car` VALUES (23, '运行保障部', '场务保障室', '拖拉机', '民航C-75187', '拖拉机', '割草机', '2011-03-04 00:00:00', '2011-03-12 00:00:00', '柴油', '/', '101769.92', '正常使用');
INSERT INTO `ap_car` VALUES (24, '运行保障部', '场务保障室', '打药车', '民航C-75194', '五十铃', '打药车', '2011-07-13 00:00:00', '2011-07-22 00:00:00', '柴油', '/', '113675.21', '正常使用');
INSERT INTO `ap_car` VALUES (25, '运行保障部', '场务保障室', '洒水车', '民航C-75195', '东风车', '洒水车', '2011-07-13 00:00:00', '2011-07-22 00:00:00', '柴油', '/', '96581.2', '正常使用');
INSERT INTO `ap_car` VALUES (26, '运行保障部', '场务保障室', '推土机', '民航C-75196', '山推', '推土机', '2011-07-13 00:00:00', '2011-07-22 00:00:00', '柴油', '/', '657948.72', '正常使用');
INSERT INTO `ap_car` VALUES (27, '运行保障部', '场务保障室', '驱鸟车', '民航C-75197', '日产皮卡', '驱鸟车', '2011-07-13 00:00:00', '2011-07-22 00:00:00', '柴油', '/', '184700.8', '正常使用');
INSERT INTO `ap_car` VALUES (28, '运行保障部', '场务保障室', '拖拉机', '民航C-75208', '拖拉机', '割草机', '2012-12-20 00:00:00', '2012-12-28 00:00:00', '柴油', '/', '110619.46', '正常使用');
INSERT INTO `ap_car` VALUES (29, '运行保障部', '场务保障室', '清扫车', '民航C-75209', '五十铃', '清扫车', '2012-12-20 00:00:00', '2012-12-28 00:00:00', '柴油', '/', '356410.26', '正常使用');
INSERT INTO `ap_car` VALUES (30, '运行保障部', '场务保障室', '小型挖掘机', '民航C-75214', '玉林', '小型挖掘机', '2012-03-12 00:00:00', '2012-03-22 00:00:00', '柴油', '/', '125811.96', '正常使用');
INSERT INTO `ap_car` VALUES (31, '运行保障部', '场务保障室', '皮卡', '民航C-75370', '日产皮卡', '驱鸟车', '2016-12-01 00:00:00', '2017-01-01 00:00:00', '汽油', '/', '/', '正常使用');
INSERT INTO `ap_car` VALUES (32, '运行保障部', '场务保障室', '皮卡', '民航C-75231', '日产皮卡', '跑道检查车', '2013-01-11 00:00:00', '2013-01-19 00:00:00', '柴油', '/', '154751.76', '正常使用');
INSERT INTO `ap_car` VALUES (33, '运行保障部', '场务保障室', '皮卡', '民航C-75308', '日产皮卡', '皮卡', '2015-08-07 00:00:00', '2015-09-15 00:00:00', '汽油', '/', '91008.04', '正常使用');
INSERT INTO `ap_car` VALUES (34, '运行保障部', '场务保障室', '轮式挖掘机', '民航C-75500', '福建晋工', '轮式挖掘机', '2018-04-13 00:00:00', '2018-05-11 00:00:00', '柴油', '/', '245000.0', '正常使用');
INSERT INTO `ap_car` VALUES (35, '运行保障部', '场务保障室', '拖拉机', '民航C-75501', '东方红', '拖拉机', '2018-04-13 00:00:00', '2018-05-11 00:00:00', '柴油', '/', '155000.0', '正常使用');
INSERT INTO `ap_car` VALUES (36, '运行保障部', '场务保障室', '轮式装载机', '民航C-75502', '山推', '装载机', '2018-07-20 00:00:00', '2018-08-15 00:00:00', '柴油', '/', '280000.0', '正常使用');
INSERT INTO `ap_car` VALUES (37, '运行保障部', '场务保障室', '轮式叉车', '民航C-75503', '杭叉集团股份有限公司', '叉车', '2018-07-20 00:00:00', '2018-08-15 00:00:00', '柴油', '/', '168000.0', '正常使用');
INSERT INTO `ap_car` VALUES (38, '运行保障部', '场务保障室', '皮卡', '琼B65892', '东风汽车', '净空巡视车', '2010-07-19 00:00:00', '2010-08-26 00:00:00', '柴油', '/', '82815.0', '正常使用');
INSERT INTO `ap_car` VALUES (39, '运行保障部', '场务保障室', '皮卡', '琼BP7161', '日产皮卡', '净空巡视车', '2014-06-02 00:00:00', '2014-07-16 00:00:00', '汽油', '/', '194082.0', '正常使用');
INSERT INTO `ap_car` VALUES (40, '运行保障部', '场务保障室', '货车', '琼B41259', '江铃汽车厂', '厢式货车', '2009-12-25 00:00:00', '2010-01-28 00:00:00', '柴油', '/', '108458.66', '正常使用');
INSERT INTO `ap_car` VALUES (41, '运行保障部', '场务保障室', '清扫车', '新车未上牌', '中联重科', '清扫车', '2018-12-27 00:00:00', '2018-12-28 00:00:00', '柴油', '/', '558000.0', '正常使用');
INSERT INTO `ap_car` VALUES (42, '运行保障部', '场务保障室', '清扫车', '新车未上牌', '中联重科', '清扫车', '2018-12-27 00:00:00', '2018-12-28 00:00:00', '柴油', '/', '668000.0', '正常使用');
INSERT INTO `ap_car` VALUES (43, '运行保障部', '场务保障室', '压路机', '新车未上牌', '厦工', '压路机', '2018-12-03 00:00:00', '2018-12-13 00:00:00', '柴油', '/', '472000.0', '正常使用');
INSERT INTO `ap_car` VALUES (44, '品质管理部', '安全管理中心', '机动车', '民航C-75133', '猎豹', '机动车', '2009-12-02 00:00:00', '2009-12-08 00:00:00', '汽油', '/', '100800.0', '正常使用');
INSERT INTO `ap_car` VALUES (45, '品质管理部', '安全管理中心', '东风牌ZN6463VAU5B', '民航C-75513', '东风牌', '多用途乘用车7座', '2018-03-14 00:00:00', '2019-02-15 00:00:00', '汽油', '/', '152796.0', '正常使用');
INSERT INTO `ap_car` VALUES (46, '工程管理部', '工程规划室', '长城皮卡风骏5(四驱)', '琼B83058', '长城', '长城皮卡风骏5(四驱)', '2011-08-05 00:00:00', '2011-08-18 00:00:00', '柴油', '四驱', '104922.62', '正常使用');
INSERT INTO `ap_car` VALUES (47, '工程管理部', '工程规划室', '日产牌NI1035U5K5', '琼B', '日产牌', '多用途货车', '2018-02-12 00:00:00', '2019-02-15 00:00:00', '汽油', '/', '131172.0', '正常使用');
INSERT INTO `ap_car` VALUES (48, '安检站', '护卫室', 'EG6063KB06', '民航C-75252', '益高', '电瓶车', '2014-10-25 00:00:00', '2014-12-24 00:00:00', '电瓶', '/', '55555.56', '正常使用');
INSERT INTO `ap_car` VALUES (49, '安检站', '护卫室', 'L108A', '民航C-75134', '日普', '电瓶车', '2017-08-16 00:00:00', '2017-08-20 00:00:00', '电瓶', '/', '52900.0', '正常使用');
INSERT INTO `ap_car` VALUES (50, '安检站', '护卫室', 'EG6043K', '民航C-75334', '益高', '电瓶车', '2015-09-06 00:00:00', '2015-09-15 00:00:00', '电瓶', '/', '47692.31', '正常使用');
INSERT INTO `ap_car` VALUES (51, '安检站', '护卫室', '尼桑牌ZN10332G4', '民航C-75306', '尼桑', '皮卡', '2015-09-01 00:00:00', '2015-09-21 00:00:00', '汽油', '/', '120905.53', '正常使用');
INSERT INTO `ap_car` VALUES (52, '安检站', '护卫室', '长城赛铃皮卡', '琼B40972', '长城', '小型货车', '2010-01-22 00:00:00', '2010-01-28 00:00:00', '柴油', '/', '/', '正常使用（原物业）');
INSERT INTO `ap_car` VALUES (53, '安检站', '护卫室', '东风牌ZN6441V1R4', '琼BS8701', '东风日产', '面包车7座', '2015-10-02 00:00:00', '2015-10-26 00:00:00', '汽油', '/', '101349.75', '正常使用');
INSERT INTO `ap_car` VALUES (54, '安检站', '监护室', 'EG6043K', '民航C-75332', '益高', '电瓶车', '2015-09-06 00:00:00', '2015-09-15 00:00:00', '电瓶', '/', '47692.31', '正常使用');
INSERT INTO `ap_car` VALUES (55, '安检站', '监护室', 'L104B-J', '民航C-75259', '日普', '四轮电动车', '2015-04-01 00:00:00', '2015-04-10 00:00:00', '电瓶', '/', '36752.14', '正常使用');
INSERT INTO `ap_car` VALUES (56, '安检站', '监护室', 'EG6043K', '民航C-75331', '益高', '电瓶车', '2015-09-06 00:00:00', '2015-09-15 00:00:00', '电瓶', '/', '47692.31', '正常使用');
INSERT INTO `ap_car` VALUES (57, '安检站', '监护室', 'EG6', '民航C-75304', '益高', '电瓶车', '2015-09-05 00:00:00', '2015-09-21 00:00:00', '电瓶', '/', '55555.56', '正常使用');
INSERT INTO `ap_car` VALUES (58, '安检站', '监护室', 'L108A', '民航C-75275', '日普', '四轮电动车', '2017-08-16 00:00:00', '2017-08-20 00:00:00', '电瓶', '/', '52900.0', '正常使用');
INSERT INTO `ap_car` VALUES (59, '安检站', '监护室', 'SY6548MS3BH', '民航C-75121', '金杯', '小型客车', '2012-11-05 00:00:00', '2012-11-28 00:00:00', '汽油', '/', '157393.0', '正常使用');
INSERT INTO `ap_car` VALUES (60, '安检站', '监护室', 'ZN1034IL2GF', '民航C-75365', '郑州日产', '皮卡车', '2016-10-25 00:00:00', '2017-01-13 00:00:00', '汽油', '/', '139591.0', '正常使用');
INSERT INTO `ap_car` VALUES (61, '安检站', '安检二室', 'L104F-J ', '民航C-75375', '五环龙', '电动车', '2017-01-20 00:00:00', '2017-02-09 00:00:00', '电瓶', '/', '46638.17', '正常使用');
INSERT INTO `ap_car` VALUES (62, '安检站', '安检二室', 'L104F-J ', '民航C-75376', '五环龙', '电动车', '2017-01-20 00:00:00', '2017-02-09 00:00:00', '电瓶', '/', '46638.17', '正常使用');
INSERT INTO `ap_car` VALUES (63, '安检站', '安检二室', 'L104F-J ', '民航C-75377', '五环龙', '电动车', '2017-01-20 00:00:00', '2017-02-09 00:00:00', '电瓶', '/', '46638.17', '正常使用');
INSERT INTO `ap_car` VALUES (64, '安检站', '技术培训室', '依维柯面包', '民航C-75264', '依维柯', 'X光机车', '2015-03-30 00:00:00', '2015-12-03 00:00:00', '柴油', '/', '683760.68', '正常使用');
INSERT INTO `ap_car` VALUES (65, '安检站', '技术培训室', '五十铃牌QL6490XGLR', '琼B65049', '五十铃', '皮卡车', '2011-10-20 00:00:00', '2011-12-31 00:00:00', '柴油', '/', '118273.37', '正常使用');
INSERT INTO `ap_car` VALUES (66, '安检站', '技术培训室', '日产牌NISSAN', '民航C-75509', '多用途乘用车', '面包车7座', '2018-12-28 00:00:00', '2019-02-15 00:00:00', '汽油', '/', '123216.0', '正常使用');
INSERT INTO `ap_car` VALUES (67, '安检站', '品质室', 'EG6043K', '民航C-75333', '益高', '电瓶车4座', '2015-09-06 00:00:00', '2015-09-15 00:00:00', '电瓶', '/', '47692.31', '正常使用');
INSERT INTO `ap_car` VALUES (68, '安检站', '移交公安', 'EG6', '民航C-75251', '益高', '电瓶车4座', '2014-10-25 00:00:00', '2014-12-24 00:00:00', '电瓶', '/', '55555.56', '正常使用');
INSERT INTO `ap_car` VALUES (69, '安检站', '中安保', 'EG6', '民航C-75305', '益高', '电瓶车4座', '2015-09-05 00:00:00', '2015-09-21 00:00:00', '电瓶', '/', '55555.56', '正常使用');
INSERT INTO `ap_car` VALUES (70, '货运部', '操作室', '行李牵引车', '民航C-76132', '上海中港', '/', '2017-10-06 00:00:00', '2017-11-06 00:00:00', '柴油', '/', '/', '正常使用');
INSERT INTO `ap_car` VALUES (71, '货运部', '装卸室', '行李牵引车', '民航C-76124', '上海中港', '/', '2017-10-06 00:00:00', '2017-11-06 00:00:00', '柴油', '/', '/', '正常使用');
INSERT INTO `ap_car` VALUES (72, '货运部', '装卸室', '燃油观光车', '民航C-76080', '苏州益高', '/', '2016-12-01 00:00:00', '2016-12-12 00:00:00', '汽油', '/', '/', '正常使用');
INSERT INTO `ap_car` VALUES (73, '货运部', '装卸室', '燃油观光车', '民航C-75371', '苏州益高', '/', '2016-12-01 00:00:00', '2016-12-12 00:00:00', '汽油', '/', '/', '正常使用');
INSERT INTO `ap_car` VALUES (74, '货运部', '操作室', '行李牵引车', '民航C-76079', '上海中港', '/', '2016-11-02 00:00:00', '2016-11-14 00:00:00', '柴油', '/', '/', '正常使用');
INSERT INTO `ap_car` VALUES (75, '货运部', '操作室', '行李牵引车', '民航C-76078', '上海中港', '/', '2016-11-02 00:00:00', '2016-11-14 00:00:00', '柴油', '/', '/', '正常使用');
INSERT INTO `ap_car` VALUES (76, '货运部', '操作室', '托盘搬运车', '民航C-76076', '苏州益高', '/', '2016-11-01 00:00:00', '2016-11-02 00:00:00', '电瓶', '/', '/', '正常使用');
INSERT INTO `ap_car` VALUES (77, '货运部', '装卸室', '电动游览车', '民航C-76075', '苏州益高', '/', '2014-10-10 00:00:00', '2014-10-19 00:00:00', '电瓶', '/', '/', '正常使用');
INSERT INTO `ap_car` VALUES (78, '货运部', '装卸室', '电动游览车', '民航C-76074', '苏州益高', '/', '2014-10-15 00:00:00', '2014-10-28 00:00:00', '电瓶', '/', '/', '正常使用');
INSERT INTO `ap_car` VALUES (79, '货运部', '操作室', '行李牵引车', '民航C-76072', '上海中港', '/', '2014-03-11 00:00:00', '2014-03-21 00:00:00', '汽油', '/', '/', '正常使用');
INSERT INTO `ap_car` VALUES (80, '货运部', '操作室', '行李牵引车', '民航C-76073', '上海中港', '/', '2014-03-11 00:00:00', '2014-03-11 00:00:00', '汽油', '/', '/', '正常使用');
INSERT INTO `ap_car` VALUES (81, '货运部', '操作室', '电动牵引车', '民航C-76070', '杭州叉车', '/', '2012-07-02 00:00:00', '2012-07-12 00:00:00', '电瓶', '/', '/', '正常使用');
INSERT INTO `ap_car` VALUES (82, '货运部', '操作室', '电动牵引车', '民航C-76071', '杭州叉车', '/', '2012-07-02 00:00:00', '2012-07-12 00:00:00', '电瓶', '/', '/', '正常使用');
INSERT INTO `ap_car` VALUES (83, '货运部', '操作室', '电动游览车', '民航C-76063', '苏州益高', '/', '2016-11-02 00:00:00', '2016-11-02 00:00:00', '电瓶', '/', '/', '正常使用');
INSERT INTO `ap_car` VALUES (84, '货运部', '操作室', '电动游览车', '民航C-76077', '苏州益高', '/', '2016-11-01 00:00:00', '2016-11-02 00:00:00', '电瓶', '/', '/', '正常使用');
INSERT INTO `ap_car` VALUES (85, '货运部', '操作室', '行李牵引车', '民航C-76066', '杭州叉车', '/', '2010-05-05 00:00:00', '2010-05-15 00:00:00', '电瓶', '/', '/', '正常使用');
INSERT INTO `ap_car` VALUES (86, '货运部', '装卸室', '电动游览车', '民航C-75123', '苏州益高', '/', '2010-08-12 00:00:00', '2010-08-24 00:00:00', '电瓶', '/', '/', '正常使用');
INSERT INTO `ap_car` VALUES (87, '货运部', '装卸室', '电动游览车', '民航C-75124', '苏州益高', '/', '2010-08-12 00:00:00', '2010-08-24 00:00:00', '电瓶', '/', '/', '待报废');
INSERT INTO `ap_car` VALUES (88, '货运部', '装卸室', '电动游览车', '民航C-76068', '苏州益高', '/', '2012-03-24 00:00:00', '2012-03-30 00:00:00', '电瓶', '/', '/', '正常使用');
INSERT INTO `ap_car` VALUES (89, '货运部', '货运部', '金杯面包车', '琼B13836', '金杯面包车', '面包车', '2012-09-02 00:00:00', '2012-09-15 00:00:00', '汽油', '/', '/', '正常使用');
INSERT INTO `ap_car` VALUES (90, '货运部', '货运部', '五菱面包车', '琼BOBS29', '五菱面包车', '面包车', '2009-08-22 00:00:00', '2009-08-29 00:00:00', '汽油', '/', '/', '正常使用');
INSERT INTO `ap_car` VALUES (91, '货运部', '货运部', '福特全顺', '琼B19887', '福特全顺', '轻客', '2016-10-01 00:00:00', '2016-10-12 00:00:00', '柴油', '/', '/', '正常使用');
INSERT INTO `ap_car` VALUES (92, '货运部', '货运部', '五十铃', '琼BY8117', '五十铃', '轻卡', '2016-11-02 00:00:00', '2016-12-07 00:00:00', '柴油', '/', '/', '正常使用');
INSERT INTO `ap_car` VALUES (93, '货运部', '操作室', '电动叉车', '民航C-76069', '杭州叉车', '/', '2011-05-09 00:00:00', '2012-05-21 00:00:00', '电瓶', '/', '/', '正常使用');
INSERT INTO `ap_car` VALUES (94, '航站区管理部', '航站区', '皮卡', '琼BF6825', '日产皮卡', '皮卡', '2013-02-06 00:00:00', '2013-02-15 00:00:00', '柴油', '/', '/', '正常使用');
INSERT INTO `ap_car` VALUES (95, '航站区管理部', '公共区域管理室', '四轮电动车', '民航C-75233', '益高', '益高电动车', '2013-12-09 00:00:00', '2013-12-09 00:00:00', '电瓶', '/', '/', '正常使用');
INSERT INTO `ap_car` VALUES (96, '人资行政部', '党群服务中心', '皮卡车', '琼BE6120', '日产尼桑', '皮卡车', '2012-01-08 00:00:00', '2012-01-22 00:00:00', '汽油', '/', '/', '正常使用');
INSERT INTO `ap_car` VALUES (97, '人资行政部', '采购管理中心', '皮卡车', '琼B65898', '东风', '皮卡车', '2010-08-14 00:00:00', '2010-08-24 00:00:00', '柴油', '/', '/', '正常使用');
INSERT INTO `ap_car` VALUES (98, '人资行政部', '采购管理中心', '箱货', '琼B41060', '五十铃', '箱货', '2010-01-21 00:00:00', '2010-01-29 00:00:00', '柴油', '/', '/', '在用');
INSERT INTO `ap_car` VALUES (99, '人资行政部', '机场食堂', '轻型厢式货车', '琼B41036', '江铃牌JX5043XXYXSGA2', '轻型厢式货车', '2010-01-22 00:00:00', '2010-01-29 00:00:00', '柴油', 'LEFYFCG279HN44800', '/', '车辆零件损坏');
INSERT INTO `ap_car` VALUES (100, '人资行政部', '机场食堂', '电动车', '民航C-76230', 'DY131009800000010', '电动车', '2011-08-03 00:00:00', '2010-08-21 00:00:00', '柴油', 'DY131009800000010', '/', '良好');
INSERT INTO `ap_car` VALUES (101, '人资行政部', '机场食堂', '普通货车', '民航C-76231', 'LVMZ1A1A5GB026264', '普通货车', '2016-03-22 00:00:00', '2016-07-25 00:00:00', '汽油', 'LVMZ1A1A5GB026264', '/', '良好');
INSERT INTO `ap_car` VALUES (102, '人资行政部', '机场食堂', '普通货车', '民航C-76165', '开瑞SQR5020XYKH08', '普通货车', '2016-09-26 00:00:00', '2016-09-28 00:00:00', '汽油', 'LVMZ1A1AXGB034683', '/', '良好');
INSERT INTO `ap_car` VALUES (103, '航务与运行管理部', '运行指挥中心', '机动车', '琼B44031', '三菱V93', '三菱牌CFA2031G', '2011-04-18 00:00:00', '2011-04-22 00:00:00', '汽油', 'LL62H4C04AB010147', '386308.0', '正常使用');
INSERT INTO `ap_car` VALUES (104, '航务与运行管理部', '运行指挥中心', '机动车', '民航C-75183', '长城', '长城牌CC1031PS44', '2011-03-30 00:00:00', '2011-04-05 00:00:00', '柴油', 'LGWCBC176BC003966', '82564.1', '正常使用');
INSERT INTO `ap_car` VALUES (105, '航务与运行管理部', '机坪管理中心', '四轮电动车', '民航C-75374', '益高', '益高电动车', '2015-09-15 00:00:00', '2015-11-16 00:00:00', '电瓶', '/', '47863.25', '正常使用');
INSERT INTO `ap_car` VALUES (106, '航务与运行管理部', '机坪管理中心', '四轮电动车', '民航C-75276', '五环龙', '五环龙电动车', '2015-01-19 00:00:00', '2015-02-10 00:00:00', '电瓶', '/', '46837.61', '正常使用');
INSERT INTO `ap_car` VALUES (107, '航务与运行管理部', '机坪管理中心', '日产牌NI1035U5K5', '民航C-75512', '日产牌', '多用途货车', '2018-03-12 00:00:00', '2019-02-15 00:00:00', '汽油', '/', '131172.0', '正常使用');
INSERT INTO `ap_car` VALUES (108, '航务与运行管理部', '急救中心', '非生产性车辆', '琼B27960', 'SPRINTER314', '长庆指挥型救护车', '2008-06-29 00:00:00', '2008-06-29 00:00:00', '汽油', '/', '462990.0', '老化\\车载设备故障');
INSERT INTO `ap_car` VALUES (109, '航务与运行管理部', '急救中心', '非生产性车辆', '琼B19770', '北地牌ND5031XJH-H型江铃全顺', '北地全能复苏型救护车', '2006-09-22 00:00:00', '2006-09-29 00:00:00', '柴油', '/', '325971.0', '超期服役，老化');
INSERT INTO `ap_car` VALUES (110, '航务与运行管理部', '急救中心', '非生产性车辆', '琼B25752', '金杯SY5035XJH-F', '金杯普通型救护车', '2008-04-23 00:00:00', '2008-04-30 00:00:00', '汽油', '/', '193773.0', '超期服役，老化');
INSERT INTO `ap_car` VALUES (111, '航务与运行管理部', '急救中心', '非生产性车辆', '琼B25343', '金杯SY5035XJH-F', '金杯普通型救护车', '2008-04-23 00:00:00', '2008-04-30 00:00:00', '汽油', '/', '193773.0', '超期服役，老化');
INSERT INTO `ap_car` VALUES (112, '航务与运行管理部', '急救中心', '非生产性车辆', '琼BQ0293', '上元牌5038X5H', '上元全能复苏型救护车', '2014-11-16 00:00:00', '2014-11-26 00:00:00', '柴油', '/', '366666.33', '正常使用');
INSERT INTO `ap_car` VALUES (113, '航务与运行管理部', '急救中心', '非生产性车辆', '琼BQ2831', 'DFL6461VEK2', '东风日产奇骏人员运输车', '2014-12-20 00:00:00', '2014-12-26 00:00:00', '汽油', '/', '216990.96', '正常使用');
INSERT INTO `ap_car` VALUES (114, '航务与运行管理部', '急救中心', '非生产性车辆', '琼BFT649', '上元牌GDY5038XJHF6', '丰田全能复苏型救护车', '2018-04-01 00:00:00', '2018-06-14 00:00:00', '汽油', '/', '725000.0', '正常使用');
INSERT INTO `ap_car` VALUES (115, '航务与运行管理部', '品质应急车', '皮卡车', '民航C-75008', '东风牌ZN1022U2', '东风皮卡车', '2012-12-15 00:00:00', '2012-12-31 00:00:00', '柴油', '/', '90068.34', '正常使用');
INSERT INTO `ap_car` VALUES (116, '航务与运行管理部', '消防支队', '机场消防车', '民航C-75146', '美国E-ONE TITAN 6×6', '主力泡沫车', '2009-12-01 00:00:00', '2009-12-10 00:00:00', '柴油', '水10吨、泡沫1吨', '5083000.0', '正常使用');
INSERT INTO `ap_car` VALUES (117, '航务与运行管理部', '消防支队', '机场消防车', '民航C-75387', '美国OSHKOSH NEW STRIKER 3000 G2', '主力泡沫车', '2016-01-23 00:00:00', '2016-01-29 00:00:00', '柴油', '水12吨、泡沫1.6吨、干粉250L', '5726495.71', '正常使用');
INSERT INTO `ap_car` VALUES (118, '航务与运行管理部', '消防支队', '机场消防车', '民航C-75388', '美国OSHKOSH STRIKER 4500', '主力泡沫车', '2016-06-05 00:00:00', '2016-06-07 00:00:00', '柴油', '水17吨、泡沫2.4吨', '9034188.0', '正常使用');
INSERT INTO `ap_car` VALUES (119, '航务与运行管理部', '消防支队', '机场消防车', '民航C-75247', '美国OSHKOSH NEW STRIKER 1500 G2', '快速调动车', '2014-11-22 00:00:00', '2014-11-29 00:00:00', '柴油', '水6吨、泡沫0.8吨、干粉250L', '5470085.45', '正常使用');
INSERT INTO `ap_car` VALUES (120, '航务与运行管理部', '消防支队', '机场消防车', '民航C-75143', '美国E-ONE R-500', '干粉车', '1994-07-13 00:00:00', '1994-07-19 00:00:00', '柴油', '水2吨、泡沫1吨、干粉600L', '3439122.55', '超期服役');
INSERT INTO `ap_car` VALUES (121, '航务与运行管理部', '消防支队', '机场消防车', '民航C-75144', '美国0SHKOSH T-6', '重型泡沫车', '1994-07-13 00:00:00', '1994-07-19 00:00:00', '柴油', '水6吨、泡沫1吨', '175800.0', '超期服役');
INSERT INTO `ap_car` VALUES (122, '航务与运行管理部', '消防支队', '机场消防车', '民航C-75145', '美国0SHKOSH T-6', '重型泡沫车', '1994-07-13 00:00:00', '1994-07-19 00:00:00', '柴油', '水6吨、泡沫1吨', '407682.0', '超期服役');
INSERT INTO `ap_car` VALUES (123, '航务与运行管理部', '消防支队', '救援消防车', '民航C-75148', '五十铃消防破拆车', '火场照明车/破拆抢险车', '2010-04-12 00:00:00', '2010-04-25 00:00:00', '柴油', '/', '1500000.0', '正常使用');
INSERT INTO `ap_car` VALUES (124, '航务与运行管理部', '消防支队', '通信指挥车', '民航C-75147', 'SPRINTER VEHICE奔驰314', '通信指挥车', '2010-03-07 00:00:00', '2010-03-17 00:00:00', '汽油', '/', '1960000.0', '正常使用');
INSERT INTO `ap_car` VALUES (125, '航务与运行管理部', '消防支队', '小型汽车', '民航C-75138', '金杯海狮都市精英', '保障车', '2010-08-15 00:00:00', '2010-08-22 00:00:00', '汽油', '/', '110000.0', '正常使用');
INSERT INTO `ap_car` VALUES (126, '航务与运行管理部', '消防支队', '水罐消防车', '民航C-75149', '四川森田12吨水罐车', '重型水罐车', '2010-04-12 00:00:00', '2010-04-25 00:00:00', '柴油', '水12吨', '900000.0', '正常使用');
INSERT INTO `ap_car` VALUES (127, '航务与运行管理部', '消防支队', '水罐消防车', '民航C-75136', '德国MAN（国产）18吨泡沫水罐车', '重型水罐车', '2010-07-13 00:00:00', '2010-07-22 00:00:00', '柴油', '水12吨、泡沫6吨', '2008000.0', '正常使用');
INSERT INTO `ap_car` VALUES (128, '航务与运行管理部', '消防支队', '小型货车', '民航C-75139', '庆玲NKR55双排座', '药剂补充车', '2010-08-12 00:00:00', '2010-08-25 00:00:00', '柴油', '/', '140000.0', '正常使用');
INSERT INTO `ap_car` VALUES (129, '航务与运行管理部', '消防支队', '小型汽车', '民航C-75137', '长丰猎豹奇兵CFA2032AP', '现场指挥车', '2010-09-09 00:00:00', '2010-09-16 00:00:00', '汽油', '/', '200800.0', '正常使用');
INSERT INTO `ap_car` VALUES (130, '航务与运行管理部', '消防支队', '机场消防车', '民航C-75140', '法国SIDES VMA105', '后援车辆', '1994-07-13 00:00:00', '1994-07-19 00:00:00', '柴油', '水8吨、泡沫1吨', '8178855.0', '待报废');
INSERT INTO `ap_car` VALUES (131, '航务与运行管理部', '消防支队', '机场消防车', '民航C-75141', '法国SIDES VMA105', '后援车辆', '1994-07-13 00:00:00', '1994-07-19 00:00:00', '柴油', '水8吨、泡沫1吨', '8178855.0', '待报废');
INSERT INTO `ap_car` VALUES (132, '航务与运行管理部', '消防支队', '机场消防车', '民航C-75142', '美国E-ONE R-500', '后援车辆', '1994-07-13 00:00:00', '1994-07-19 00:00:00', '柴油', '水2吨、泡沫1吨、干粉600L', '3439122.55', '超期服役');
INSERT INTO `ap_car` VALUES (133, '航务与运行管理部', '消防支队', '四轮电动车', '民航C-75110', '广州朗晴', '朗晴电动车', '2008-02-01 00:00:00', '2008-02-12 00:00:00', '电瓶', '/', '43589.74', '正常使用');
INSERT INTO `ap_car` VALUES (134, '业务发展部', '业务发展部', '四轮电瓶车', '业发001', '苏州益高—小蜜蜂', '电瓶车', '0000-00-00 00:00:00', '1905-07-08 00:00:00', '电瓶', '/', '49600.0', '正常使用');
INSERT INTO `ap_car` VALUES (135, '地面服务部', '旅客服务室', '电瓶车', '民航C-75188', '益高电瓶车', '电瓶车', '2011-07-29 00:00:00', '2011-08-08 00:00:00', '电瓶', '/', '/', '待报废');
INSERT INTO `ap_car` VALUES (136, '地面服务部', '旅客服务室', '电瓶车', '民航C-75189', '益高电瓶车', '电瓶车', '2011-07-29 00:00:00', '2011-08-08 00:00:00', '电瓶', '/', '/', '待报废');
INSERT INTO `ap_car` VALUES (137, '地面服务部', '旅客服务室', '电瓶车', '民航C-75207', '益高电瓶车', '电瓶车', '2012-11-21 00:00:00', '2012-11-21 00:00:00', '电瓶', '/', '/', '良好');
INSERT INTO `ap_car` VALUES (138, '地面服务部', '旅客服务室', '电瓶车', '民航C-75249', '益高电瓶车', '电瓶车', '2014-10-26 00:00:00', '2014-10-26 00:00:00', '电瓶', '/', '/', '良好');
INSERT INTO `ap_car` VALUES (139, '地面服务部', '旅客服务室', '电瓶车', '民航C-75354', '五环龙电动车', '电瓶车', '2016-07-12 00:00:00', '2016-07-12 00:00:00', '电瓶', '/', '/', '维修');
INSERT INTO `ap_car` VALUES (140, '地面服务部', '旅客服务室', '电瓶车', '民航C-75281', '五环龙电动车', '电瓶车', '2017-08-12 00:00:00', '2017-08-12 00:00:00', '电瓶', '/', '/', '良好');
INSERT INTO `ap_car` VALUES (141, '地面服务部', '旅客服务室', '电瓶车', '民航C-75282', '五环龙电动车', '电瓶车', '2017-08-12 00:00:00', '2017-08-12 00:00:00', '电瓶', '/', '/', '良好');
INSERT INTO `ap_car` VALUES (142, '地面服务部', '旅客服务室', '机动车', '琼BAG601', '尼桑牌', '皮卡车', '2017-03-16 00:00:00', '2017-04-11 00:00:00', '汽油', '/', '/', '良好');
INSERT INTO `ap_car` VALUES (143, '地面服务部', '旅客服务室', '日产牌NI1035U5K5', '', '日产牌', '多用途货车', '2018-03-12 00:00:00', '2019-02-15 00:00:00', '汽油', NULL, '131172.0', '正常使用');
INSERT INTO `ap_car` VALUES (144, '地面服务部', '旅客服务室', '内燃观光车', '民航C-75391', '深圳宝安傲虎', '内燃观光车', '2018-02-09 00:00:00', '2018-02-09 00:00:00', '汽油', '最大载客11人', '/', '良好');
INSERT INTO `ap_car` VALUES (145, '地面服务部', '旅客服务室', '内燃观光车', '民航C-75392', '深圳宝安傲虎', '内燃观光车', '2018-02-09 00:00:00', '2018-02-09 00:00:00', '汽油', '最大载客11人', '/', '良好');
INSERT INTO `ap_car` VALUES (146, '地面服务部', '旅客服务室', '内燃观光车', '民航C-75393', '深圳宝安傲虎', '内燃观光车', '2018-02-09 00:00:00', '2018-02-09 00:00:00', '汽油', '最大载客11人', '/', '良好');
INSERT INTO `ap_car` VALUES (147, '汽车运输服务部', '质量控制室', '电瓶车', '民航C-75120', '进口电动车', '电瓶观光车', '2008-11-24 00:00:00', '2008-12-19 00:00:00', '电瓶', '载客12人', '82000.0', '在用');
INSERT INTO `ap_car` VALUES (148, '汽车运输服务部', '质量控制室', '电瓶车', '民航C-75351', '五环龙', '电瓶观光车', '2015-12-18 00:00:00', '2016-01-05 00:00:00', '电瓶', '载客4人', '35726.49', '在用');
INSERT INTO `ap_car` VALUES (149, '汽车运输服务部', '质量控制室', '商务车', '琼BS8710', '东风日产', '商务车', '2015-08-25 00:00:00', '2015-10-20 00:00:00', '汽油', '载客7人', '101349.75', '在用');
INSERT INTO `ap_car` VALUES (150, '汽车运输服务部', '车辆维修室', '维修室', '琼B65810', '客货五十铃', '配件采购客货车', '2010-08-20 00:00:00', '2010-08-26 00:00:00', '柴油', '载客6人', '136513.0', '正常使用');
INSERT INTO `ap_car` VALUES (151, '汽车运输服务部', '车辆维修室', '维修室', '琼BAG662', '尼桑牌', '配件采购皮卡车', '2017-03-16 00:00:00', '2017-04-11 00:00:00', '柴油', '载客5人', '148492.3', '正常使用');
INSERT INTO `ap_car` VALUES (152, '汽车运输服务部', '对接车队', '客梯车', '民航C-75006', '五十铃', '飞机客梯车(SD5800KT)', '2001-11-21 00:00:00', '2001-12-05 00:00:00', '柴油', '升限：2.4M～5.8M', '610000.0', '在用');
INSERT INTO `ap_car` VALUES (153, '汽车运输服务部', '对接车队', '客梯车', '民航C-75007', '五十铃', '飞机客梯车(SD5800KT)', '2001-11-21 00:00:00', '2001-12-05 00:00:00', '柴油', '升限：2.4M～5.8M', '610000.0', '在用');
INSERT INTO `ap_car` VALUES (154, '汽车运输服务部', '对接车队', '客梯车', '民航C-75016', '无锡天一(WTJ5060JKT)', '飞机客梯车', '2008-12-25 00:00:00', '2009-03-19 00:00:00', '柴油', '升限：2.4M～4.4M', '240000.0', '在用');
INSERT INTO `ap_car` VALUES (155, '汽车运输服务部', '对接车队', '客梯车', '民航C-75017', '无锡天一(WTJ5060JKT)', '雨棚客梯车', '2008-12-25 00:00:00', '2009-03-19 00:00:00', '柴油', '升限：2.4M～4.4M', '247269.23', '在用');
INSERT INTO `ap_car` VALUES (156, '汽车运输服务部', '对接车队', '客梯车', '民航C-75018', '无锡天一(WTJ5060JKT)', '雨棚客梯车', '2008-12-25 00:00:00', '2009-03-19 00:00:00', '柴油', '升限：2.4M～4.4M', '247269.23', '在用');
INSERT INTO `ap_car` VALUES (157, '汽车运输服务部', '对接车队', '客梯车', '民航C-75019', '无锡天一(WTJ5060JKT)', '雨棚客梯车', '2008-12-25 00:00:00', '2009-03-19 00:00:00', '柴油', '升限：2.4M～4.4M', '247269.23', '在用');
INSERT INTO `ap_car` VALUES (158, '汽车运输服务部', '对接车队', '客梯车', '民航C-75021', '无锡天一(WTJ5060JKT)', '飞机客梯车', '2007-01-04 00:00:00', '2007-01-28 00:00:00', '柴油', '升限：2.4M～4.4M', '255000.0', '在用');
INSERT INTO `ap_car` VALUES (159, '汽车运输服务部', '对接车队', '客梯车', '民航C-75022', '无锡天一(WTJ5060JKT)', '雨棚客梯车', '2007-01-04 00:00:00', '2007-01-28 00:00:00', '柴油', '升限：2.4M～4.4M', '262269.23', '在用');
INSERT INTO `ap_car` VALUES (160, '汽车运输服务部', '对接车队', '客梯车', '民航C-75023', '无锡天一(WTJ5060JKT)', '飞机客梯车', '2007-01-04 00:00:00', '2007-01-28 00:00:00', '柴油', '升限：2.4M～4.4M', '262269.23', '在用');
INSERT INTO `ap_car` VALUES (161, '汽车运输服务部', '对接车队', '客梯车', '民航C-75012', '无锡天一(WTJ5060JKT)', '雨棚客梯车', '2008-01-25 00:00:00', '2008-02-01 00:00:00', '柴油', '升限：2.4M～5.8M', '354961.54', '在用');
INSERT INTO `ap_car` VALUES (162, '汽车运输服务部', '对接车队', '客梯车', '民航C-75013', '无锡天一(WTJ5060JKT)', '飞机客梯车', '2008-01-25 00:00:00', '2008-02-01 00:00:00', '柴油', '升限：2.4M～5.8M', '354692.31', '在用');
INSERT INTO `ap_car` VALUES (163, '汽车运输服务部', '对接车队', '客梯车', '民航C-75014', '无锡天一(WTJ5060JKT)', '飞机客梯车', '2008-01-25 00:00:00', '2008-02-01 00:00:00', '柴油', '升限：2.4M～5.8M', '354692.31', '在用');
INSERT INTO `ap_car` VALUES (164, '汽车运输服务部', '对接车队', '客梯车', '民航C-75015', '无锡天一(WTJ5060JKT)', '雨棚客梯车', '2008-01-25 00:00:00', '2008-02-01 00:00:00', '柴油', '升限：2.4M～5.8M', '354692.31', '在用');
INSERT INTO `ap_car` VALUES (165, '汽车运输服务部', '对接车队', '客梯车', '民航C-75027', '无锡天一(WTJ5060JKT)', '飞机客梯车', '2010-02-02 00:00:00', '2010-02-09 00:00:00', '柴油', '升限：2.4M～5.8M', '325000.0', '在用');
INSERT INTO `ap_car` VALUES (166, '汽车运输服务部', '对接车队', '客梯车', '民航C-75028', '无锡天一(WTJ5060JKT)', '飞机客梯车', '2010-02-02 00:00:00', '2010-02-09 00:00:00', '柴油', '升限：2.4M～5.8M', '325000.0', '在用');
INSERT INTO `ap_car` VALUES (167, '汽车运输服务部', '对接车队', '客梯车', '民航C-75029', '无锡天一(WTJ5060JKT)', '飞机客梯车', '2010-02-02 00:00:00', '2010-02-09 00:00:00', '柴油', '升限：2.4M～5.8M', '325000.0', '在用');
INSERT INTO `ap_car` VALUES (168, '汽车运输服务部', '对接车队', '客梯车', '民航C-75030', '无锡天一(WTJ5060JKT)', '飞机客梯车', '2010-02-02 00:00:00', '2010-02-09 00:00:00', '柴油', '升限：2.4M～5.8M', '325000.0', '在用');
INSERT INTO `ap_car` VALUES (169, '汽车运输服务部', '对接车队', '客梯车', '民航C-75031', '无锡天一(WTJ5060JKT)', '飞机客梯车', '2010-05-25 00:00:00', '2010-06-11 00:00:00', '柴油', '升限：2.4M～5.8M', '325000.0', '在用');
INSERT INTO `ap_car` VALUES (170, '汽车运输服务部', '对接车队', '客梯车', '民航C-75032', '无锡天一(WTJ5060JKT)', '飞机客梯车', '2010-05-25 00:00:00', '2010-06-11 00:00:00', '柴油', '升限：2.4M～5.8M', '325000.0', '在用');
INSERT INTO `ap_car` VALUES (171, '汽车运输服务部', '对接车队', '客梯车', '民航C-75033', '无锡天一(WTJ5060JKT)', '飞机客梯车', '2010-05-25 00:00:00', '2010-06-11 00:00:00', '柴油', '升限：2.4M～5.8M', '325000.0', '在用');
INSERT INTO `ap_car` VALUES (172, '汽车运输服务部', '对接车队', '客梯车', '民航C-75034', '无锡天一(WTJ5060JKT)', '飞机客梯车', '2010-05-25 00:00:00', '2010-06-11 00:00:00', '柴油', '升限：2.4M～5.8M', '325000.0', '在用');
INSERT INTO `ap_car` VALUES (173, '汽车运输服务部', '对接车队', '客梯车', '民航C-75212', '无锡天一(WTJ5060JKT)', '飞机客梯车', '2013-04-18 00:00:00', '2013-04-25 00:00:00', '柴油', '升限：2.4M～5.8M', '289500.0', '在用');
INSERT INTO `ap_car` VALUES (174, '汽车运输服务部', '对接车队', '客梯车', '民航C-75213', '无锡天一(WTJ5060JKT)', '飞机客梯车', '2013-04-18 00:00:00', '2013-04-25 00:00:00', '柴油', '升限：2.4M～5.8M', '289500.0', '在用');
INSERT INTO `ap_car` VALUES (175, '汽车运输服务部', '对接车队', '客梯车', '民航C-75227', '无锡天一(WTJ5060JKT)', '雨棚客梯车', '2014-01-28 00:00:00', '2014-02-06 00:00:00', '柴油', '升限：2.4M～5.8M', '265811.97', '在用');
INSERT INTO `ap_car` VALUES (176, '汽车运输服务部', '对接车队', '客梯车', '民航C-75228', '无锡天一(WTJ5060JKT)', '雨棚客梯车', '2014-01-28 00:00:00', '2014-02-06 00:00:00', '柴油', '升限：2.4M～5.8M', '265811.96', '在用');
INSERT INTO `ap_car` VALUES (177, '汽车运输服务部', '对接车队', '客梯车', '民航C-75229', '无锡天一(WTJ5060JKT)', '雨棚客梯车', '2014-01-28 00:00:00', '2014-02-06 00:00:00', '柴油', '升限：2.4M～5.8M', '265811.97', '在用');
INSERT INTO `ap_car` VALUES (178, '汽车运输服务部', '对接车队', '客梯车', '民航C-75230', '无锡天一(WTJ5060JKT)', '雨棚客梯车', '2014-01-28 00:00:00', '2014-02-15 00:00:00', '柴油', '升限：2.4M～5.8M', '265811.96', '在用');
INSERT INTO `ap_car` VALUES (179, '汽车运输服务部', '对接车队', '客梯车', '民航C-75234', '无锡天一(WTJ5060JKT)', '雨棚客梯车', '2014-04-14 00:00:00', '2014-04-18 00:00:00', '柴油', '升限：2.4M～5.8M', '265811.97', '在用');
INSERT INTO `ap_car` VALUES (180, '汽车运输服务部', '对接车队', '客梯车', '民航C-75235', '无锡天一(WTJ5060JKT)', '雨棚客梯车', '2014-04-14 00:00:00', '2014-04-18 00:00:00', '柴油', '升限：2.4M～5.8M', '265811.97', '在用');
INSERT INTO `ap_car` VALUES (181, '汽车运输服务部', '对接车队', '客梯车', '民航C-75236', '无锡天一(WTJ5060JKT)', '雨棚客梯车', '2014-04-14 00:00:00', '2014-04-18 00:00:00', '柴油', '升限：2.4M～5.8M', '265811.96', '在用');
INSERT INTO `ap_car` VALUES (182, '汽车运输服务部', '对接车队', '客梯车', '民航C-75237', '无锡天一(WTJ5060JKT)', '雨棚客梯车', '2014-04-14 00:00:00', '2014-04-18 00:00:00', '柴油', '升限：2.4M～5.8M', '265811.97', '在用');
INSERT INTO `ap_car` VALUES (183, '汽车运输服务部', '对接车队', '客梯车', '民航C-75238', '无锡天一(WTJ5060JKT)', '雨棚客梯车', '2014-06-26 00:00:00', '2014-07-07 00:00:00', '柴油', '升限：2.4M～5.8M', '265811.97', '在用');
INSERT INTO `ap_car` VALUES (184, '汽车运输服务部', '对接车队', '客梯车', '民航C-75239', '无锡天一(WTJ5060JKT)', '雨棚客梯车', '2014-06-26 00:00:00', '2014-07-07 00:00:00', '柴油', '升限：2.4M～5.8M', '265811.97', '在用');
INSERT INTO `ap_car` VALUES (185, '汽车运输服务部', '对接车队', '客梯车', '民航C-75240', '无锡天一(WTJ5060JKT)', '雨棚客梯车', '2014-06-26 00:00:00', '2014-07-07 00:00:00', '柴油', '升限：2.4M～5.8M', '265811.97', '在用');
INSERT INTO `ap_car` VALUES (186, '汽车运输服务部', '对接车队', '客梯车', '民航C-75241', '无锡天一(WTJ5060JKT)', '雨棚客梯车', '2014-06-26 00:00:00', '2014-07-07 00:00:00', '柴油', '升限：2.4M～5.8M', '265811.95', '在用');
INSERT INTO `ap_car` VALUES (187, '汽车运输服务部', '对接车队', '客梯车', '民航C-75260', '无锡天一(WTJ5060JKT)', '飞机客梯车', '2015-02-09 00:00:00', '2015-02-15 00:00:00', '柴油', '升限：2.4M～5.8M', '245982.91', '在用');
INSERT INTO `ap_car` VALUES (188, '汽车运输服务部', '对接车队', '客梯车', '民航C-75261', '无锡天一(WTJ5060JKT)', '飞机客梯车', '2015-02-09 00:00:00', '2015-02-15 00:00:00', '柴油', '升限：2.4M～5.8M', '245982.9', '在用');
INSERT INTO `ap_car` VALUES (189, '汽车运输服务部', '对接车队', '客梯车', '民航C-75024', '深圳达航', '飞机客梯车(TS21-58)', '2006-12-09 00:00:00', '2007-01-28 00:00:00', '柴油', '升限：2.4M～5.8M', '380000.0', '在用');
INSERT INTO `ap_car` VALUES (190, '汽车运输服务部', '对接车队', '客梯车', '民航C-75025', '深圳达航', '飞机客梯车(TS21-59)', '2006-12-09 00:00:00', '2007-01-28 00:00:00', '柴油', '升限：2.4M～5.8M', '380000.0', '在用');
INSERT INTO `ap_car` VALUES (191, '汽车运输服务部', '对接车队', '客梯车', '民航C-75175', '腾达（TLD）', '飞机客梯车(ABS580)', '2011-04-10 00:00:00', '2011-04-11 00:00:00', '柴油', '升限：2.4M～5.8M', '552706.26', '在用');
INSERT INTO `ap_car` VALUES (192, '汽车运输服务部', '对接车队', '客梯车', '民航C-75010', '无锡锡梅', '飞机客梯车(WXQ5050TKT)', '2004-02-15 00:00:00', '2004-03-01 00:00:00', '柴油', '升限：2.4M～5.8M', '345000.0', '在用');
INSERT INTO `ap_car` VALUES (193, '汽车运输服务部', '对接车队', '客梯车', '民航C-75269', '无锡锡梅', '飞机客梯车(WXQ5050TKT)', '2015-04-20 00:00:00', '2015-04-28 00:00:00', '柴油', '升限：2.4M～5.8M', '245982.91', '在用');
INSERT INTO `ap_car` VALUES (194, '汽车运输服务部', '对接车队', '客梯车', '民航C-75270', '无锡锡梅', '飞机客梯车(WXQ5050TKT)', '2015-04-20 00:00:00', '2015-04-28 00:00:00', '柴油', '升限：2.4M～5.8M', '245982.91', '在用');
INSERT INTO `ap_car` VALUES (195, '汽车运输服务部', '对接车队', '客梯车', '民航C-75271', '无锡锡梅', '飞机客梯车(WXQ5050TKT)', '2015-04-20 00:00:00', '2015-04-28 00:00:00', '柴油', '升限：2.4M～5.8M', '245982.91', '在用');
INSERT INTO `ap_car` VALUES (196, '汽车运输服务部', '对接车队', '客梯车', '民航C-75272', '无锡锡梅', '飞机客梯车(WXQ5050TKT)', '2015-04-20 00:00:00', '2015-04-28 00:00:00', '柴油', '升限：2.4M～5.8M', '245982.91', '在用');
INSERT INTO `ap_car` VALUES (197, '汽车运输服务部', '对接车队', '客梯车', '民航C-75273', '无锡锡梅', '飞机客梯车(WXQ5050TKT)', '2015-04-20 00:00:00', '2015-04-28 00:00:00', '柴油', '升限：2.4M～5.8M', '245982.91', '在用');
INSERT INTO `ap_car` VALUES (198, '汽车运输服务部', '对接车队', '客梯车', '民航C-75309', '无锡锡梅', '飞机客梯车(WXQ5050TKT)', '2015-09-25 00:00:00', '2015-10-08 00:00:00', '柴油', '升限：2.4M～5.8M', '245982.91', '在用');
INSERT INTO `ap_car` VALUES (199, '汽车运输服务部', '对接车队', '客梯车', '民航C-75310', '无锡锡梅', '飞机客梯车(WXQ5050TKT)', '2015-09-25 00:00:00', '2015-10-08 00:00:00', '柴油', '升限：2.4M～5.8M', '245982.91', '在用');
INSERT INTO `ap_car` VALUES (200, '汽车运输服务部', '对接车队', '客梯车', '民航C-75311', '无锡锡梅', '飞机客梯车(WXQ5050TKT)', '2015-09-25 00:00:00', '2015-10-08 00:00:00', '柴油', '升限：2.4M～5.8M', '245982.91', '在用');
INSERT INTO `ap_car` VALUES (201, '汽车运输服务部', '对接车队', '客梯车', '民航C-75312', '无锡锡梅', '飞机客梯车(WXQ5050TKT)', '2015-09-25 00:00:00', '2015-10-08 00:00:00', '柴油', '升限：2.4M～5.8M', '245982.91', '在用');
INSERT INTO `ap_car` VALUES (202, '汽车运输服务部', '对接车队', '客梯车', '民航C-75313', '无锡锡梅', '飞机客梯车(WXQ5050TKT)', '2015-09-25 00:00:00', '2015-10-08 00:00:00', '柴油', '升限：2.4M～5.8M', '245982.91', '在用');
INSERT INTO `ap_car` VALUES (203, '汽车运输服务部', '对接车队', '客梯车', '民航C-75314', '无锡锡梅', '飞机客梯车(WXQ5050TKT)', '2015-09-25 00:00:00', '2015-10-08 00:00:00', '柴油', '升限：2.4M～5.8M', '245982.91', '在用');
INSERT INTO `ap_car` VALUES (204, '汽车运输服务部', '对接车队', '无障碍登机车', '民航C-75026', '无锡天一(WTJ5060JKT)', '无障碍登机车(WTJ5080JCR)', '2008-08-02 00:00:00', '2008-08-12 00:00:00', '柴油', '最大升限5.0M', '823000.0', '在用');
INSERT INTO `ap_car` VALUES (205, '汽车运输服务部', '对接车队', '无障碍登机车', '民航C-75250', '无锡天一(WTJ5060JKT)', '无障碍登机车', '2014-11-03 00:00:00', '2014-11-17 00:00:00', '柴油', '升限：2.6M～5.8M', '656410.26', '在用');
INSERT INTO `ap_car` VALUES (206, '汽车运输服务部', '对接车队', '无障碍登机车', '民航C-75369', '无锡锡梅', '无障碍登机车(WXQ5100JCR)', '2016-01-11 00:00:00', '2016-01-18 00:00:00', '柴油', '升限：2.6M～5.8M', '697435.9', '在用');
INSERT INTO `ap_car` VALUES (207, '汽车运输服务部', '对接车队', '电瓶车', '民航C-75115', '广州朗晴', '电瓶观光车', '2007-08-25 00:00:00', '2007-08-30 00:00:00', '电瓶', '载客12人', '51000.0', '在用');
INSERT INTO `ap_car` VALUES (208, '汽车运输服务部', '对接车队', '电瓶车', '民航C-75116', '广州朗晴', '电瓶观光车', '2007-08-25 00:00:00', '2007-08-30 00:00:00', '电瓶', '载客12人', '51000.0', '在用');
INSERT INTO `ap_car` VALUES (209, '汽车运输服务部', '对接车队', '电瓶车', '民航C-75117', '广州朗晴', '电瓶观光车', '2007-08-25 00:00:00', '2007-08-30 00:00:00', '电瓶', '载客12人', '51000.0', '在用');
INSERT INTO `ap_car` VALUES (210, '汽车运输服务部', '对接车队', '电瓶车', '民航C-75118', '广州朗晴', '电瓶观光车', '2007-08-25 00:00:00', '2007-08-30 00:00:00', '电瓶', '载客12人', '51000.0', '在用');
INSERT INTO `ap_car` VALUES (211, '汽车运输服务部', '对接车队', '电瓶车', '民航C-75119', '广州朗晴', '电瓶观光车', '2007-08-25 00:00:00', '2007-08-30 00:00:00', '电瓶', '载客12人', '51000.0', '在用');
INSERT INTO `ap_car` VALUES (212, '汽车运输服务部', '对接车队', '电瓶车', '民航C-75347', '苏州益高', '电瓶观光车', '2016-01-05 00:00:00', '2016-01-05 00:00:00', '电瓶', '载客8人', '56837.61', '在用');
INSERT INTO `ap_car` VALUES (213, '汽车运输服务部', '对接车队', '电瓶车', '民航C-75348', '苏州益高', '电瓶观光车', '2016-01-05 00:00:00', '2016-01-05 00:00:00', '电瓶', '载客8人', '56837.61', '在用');
INSERT INTO `ap_car` VALUES (214, '汽车运输服务部', '对接车队', '电瓶车', '民航C-75349', '苏州益高', '电瓶观光车', '2016-01-05 00:00:00', '2016-01-05 00:00:00', '电瓶', '载客8人', '56837.61', '在用');
INSERT INTO `ap_car` VALUES (215, '汽车运输服务部', '对接车队', '电瓶车', '民航C-75192', '苏州益高', '电瓶观光车', '2011-08-08 00:00:00', '2011-08-08 00:00:00', '电瓶', '载客8人', '35897.43', '在用');
INSERT INTO `ap_car` VALUES (216, '汽车运输服务部', '对接车队', '电瓶车', '民航C-75279', '五环龙', '电瓶观光车', '2017-08-16 00:00:00', '2017-08-16 00:00:00', '电瓶', '载客4人', '52000.0', '在用');
INSERT INTO `ap_car` VALUES (217, '汽车运输服务部', '对接车队', '电瓶车', '民航C-75350', '五环龙', '电瓶观光车', '2016-01-05 00:00:00', '2016-01-05 00:00:00', '电瓶', '载客4人', '35726.49', '在用');
INSERT INTO `ap_car` VALUES (218, '汽车运输服务部', '对接车队', '电瓶车', '民航C-75280', '五环龙', '电瓶观光车', '2017-08-16 00:00:00', '2017-08-16 00:00:00', '电瓶', '载客4人', '52000.0', '在用');
INSERT INTO `ap_car` VALUES (219, '汽车运输服务部', '对接车队', '电瓶车', '民航C-75190', '益高电瓶车', '电瓶车', '2011-07-29 00:00:00', '2011-08-08 00:00:00', '电瓶', '/', '/', '良好');
INSERT INTO `ap_car` VALUES (220, '汽车运输服务部', '对接车队', '面包车', '民航C-75263', '沈阳金杯', '面包车', '2015-03-01 00:00:00', '2015-03-26 00:00:00', '汽油', '最大载客9人', '96837.61', '在用');
INSERT INTO `ap_car` VALUES (221, '汽车运输服务部', '对接车队', '行李传送车', '民航C-75052', '威海广泰', '行李传送带车（WGJS70）', '2004-12-24 00:00:00', '2005-05-10 00:00:00', '柴油', '传送带承载力1T', '280000.0', '在用');
INSERT INTO `ap_car` VALUES (222, '汽车运输服务部', '对接车队', '行李传送车', '民航C-75054', '威海广泰', '行李传送带车（WGJS70）', '2006-11-14 00:00:00', '2006-11-19 00:00:00', '柴油', '传送带承载力1T', '280000.0', '在用');
INSERT INTO `ap_car` VALUES (223, '汽车运输服务部', '对接车队', '行李传送车', '民航C-75055', '腾达（TLD）', '行李传送车（DS5043）', '2007-02-28 00:00:00', '2007-03-03 00:00:00', '柴油', '传送带承载力1.2T', '240000.0', '在用');
INSERT INTO `ap_car` VALUES (224, '汽车运输服务部', '对接车队', '行李传送车', '民航C-75056', '腾达（TLD）', '行李传送车（DS5043）', '2007-02-28 00:00:00', '2007-03-03 00:00:00', '柴油', '传送带承载力1.2T', '240000.0', '在用');
INSERT INTO `ap_car` VALUES (225, '汽车运输服务部', '对接车队', '行李传送车', '民航C-75057', '腾达（TLD）', '行李传送车（DS5043）', '2007-02-28 00:00:00', '2007-03-03 00:00:00', '柴油', '传送带承载力1.2T', '240000.0', '在用');
INSERT INTO `ap_car` VALUES (226, '汽车运输服务部', '对接车队', '行李传送车', '民航C-75058', '腾达（TLD）', '行李传送车（DS5043）', '2007-02-28 00:00:00', '2007-03-03 00:00:00', '柴油', '传送带承载力1.2T', '240000.0', '在用');
INSERT INTO `ap_car` VALUES (227, '汽车运输服务部', '对接车队', '行李传送车', '民航C-75059', '腾达（TLD）', '行李传送车（DS5043）', '2007-02-28 00:00:00', '2007-03-03 00:00:00', '柴油', '传送带承载力1.2T', '240000.0', '在用');
INSERT INTO `ap_car` VALUES (228, '汽车运输服务部', '对接车队', '行李传送车', '民航C-75060', '腾达（TLD）', '行李传送车（DS5043）', '2007-11-25 00:00:00', '2007-12-04 00:00:00', '柴油', '传送带承载力1.2T', '238000.0', '在用');
INSERT INTO `ap_car` VALUES (229, '汽车运输服务部', '对接车队', '行李传送车', '民航C-75061', '腾达（TLD）', '行李传送车（DS5043）', '2007-11-25 00:00:00', '2007-12-04 00:00:00', '柴油', '传送带承载力1.2T', '238000.0', '在用');
INSERT INTO `ap_car` VALUES (230, '汽车运输服务部', '对接车队', '行李传送车', '民航C-75062', '腾达（TLD）', '行李传送车（DS5043）', '2007-11-25 00:00:00', '2007-12-04 00:00:00', '柴油', '传送带承载力1.2T', '238000.0', '在用');
INSERT INTO `ap_car` VALUES (231, '汽车运输服务部', '对接车队', '行李传送车', '民航C-75063', '腾达（TLD）', '行李传送车（DS5043）', '2007-11-25 00:00:00', '2007-12-04 00:00:00', '柴油', '传送带承载力1.2T', '238000.0', '在用');
INSERT INTO `ap_car` VALUES (232, '汽车运输服务部', '对接车队', '行李传送车', '民航C-75065', '腾达（TLD）', '行李传送车（DS5043）', '2009-12-04 00:00:00', '2010-02-12 00:00:00', '柴油', '传送带承载力1.2T', '230000.0', '在用');
INSERT INTO `ap_car` VALUES (233, '汽车运输服务部', '对接车队', '行李传送车', '民航C-75066', '腾达（TLD）', '行李传送车（DS5043）', '2009-12-04 00:00:00', '2010-02-12 00:00:00', '柴油', '传送带承载力1.2T', '230000.0', '在用');
INSERT INTO `ap_car` VALUES (234, '汽车运输服务部', '对接车队', '行李传送车', '民航C-75067', '腾达（TLD）', '行李传送车（DS5043）', '2009-12-04 00:00:00', '2010-02-12 00:00:00', '柴油', '传送带承载力1.2T', '230000.0', '在用');
INSERT INTO `ap_car` VALUES (235, '汽车运输服务部', '对接车队', '行李传送车', '民航C-75068', '腾达（TLD）', '行李传送车（DS5043）', '2010-02-01 00:00:00', '2010-02-06 00:00:00', '柴油', '传送带承载力1.2T', '220000.0', '在用');
INSERT INTO `ap_car` VALUES (236, '汽车运输服务部', '对接车队', '行李传送车', '民航C-75069', '腾达（TLD）', '行李传送车（DS5043）', '2010-02-01 00:00:00', '2010-02-06 00:00:00', '柴油', '传送带承载力1.2T', '220000.0', '在用');
INSERT INTO `ap_car` VALUES (237, '汽车运输服务部', '对接车队', '行李传送车', '民航C-75070', '腾达（TLD）', '行李传送车（DS5043）', '2010-02-01 00:00:00', '2010-02-06 00:00:00', '柴油', '传送带承载力1.2T', '220000.0', '在用');
INSERT INTO `ap_car` VALUES (238, '汽车运输服务部', '对接车队', '行李传送车', '民航C-75071', '腾达（TLD）', '行李传送车（DS5043）', '2010-02-01 00:00:00', '2010-02-06 00:00:00', '柴油', '传送带承载力1.2T', '220000.0', '在用');
INSERT INTO `ap_car` VALUES (239, '汽车运输服务部', '对接车队', '行李传送车', '民航C-75072', '腾达（TLD）', '行李传送车（DS5043）', '2010-02-01 00:00:00', '2010-02-06 00:00:00', '柴油', '传送带承载力1.2T', '220000.0', '在用');
INSERT INTO `ap_car` VALUES (240, '汽车运输服务部', '对接车队', '行李传送车', '民航C-75073', '腾达（TLD）', '行李传送车（DS5043）', '2010-02-01 00:00:00', '2010-02-06 00:00:00', '柴油', '传送带承载力1.2T', '220000.0', '在用');
INSERT INTO `ap_car` VALUES (241, '汽车运输服务部', '对接车队', '行李传送车', '民航C-75074', '腾达（TLD）', '行李传送车（DS5043）', '2010-03-02 00:00:00', '2010-03-09 00:00:00', '柴油', '传送带承载力1.2T', '220000.0', '在用');
INSERT INTO `ap_car` VALUES (242, '汽车运输服务部', '对接车队', '行李传送车', '民航C-75075', '腾达（TLD）', '行李传送车（DS5043）', '2010-03-02 00:00:00', '2010-03-09 00:00:00', '柴油', '传送带承载力1.2T', '220000.0', '在用');
INSERT INTO `ap_car` VALUES (243, '汽车运输服务部', '对接车队', '行李传送车', '民航C-75172', '无锡天一', '行李传送车（WTJ5030JCS）', '2011-01-29 00:00:00', '2011-02-25 00:00:00', '柴油', '传送带承载力1T', '177777.77', '在用');
INSERT INTO `ap_car` VALUES (244, '汽车运输服务部', '对接车队', '行李传送车', '民航C-75173', '无锡天一', '行李传送车（WTJ5030JCS）', '2011-01-29 00:00:00', '2011-02-25 00:00:00', '柴油', '传送带承载力1T', '177777.77', '在用');
INSERT INTO `ap_car` VALUES (245, '汽车运输服务部', '对接车队', '行李传送车', '民航C-75174', '无锡天一', '行李传送车（WTJ5030JCS）', '2011-01-29 00:00:00', '2011-02-25 00:00:00', '柴油', '传送带承载力1T', '177777.77', '在用');
INSERT INTO `ap_car` VALUES (246, '汽车运输服务部', '对接车队', '行李传送车', '民航C-75176', '无锡天一', '行李传送车（WTJ5030JCS）', '2011-01-20 00:00:00', '2011-04-28 00:00:00', '柴油', '传送带承载力1T', '177777.77', '在用');
INSERT INTO `ap_car` VALUES (247, '汽车运输服务部', '对接车队', '行李传送车', '民航C-75177', '无锡天一', '行李传送车（WTJ5030JCS）', '2011-01-20 00:00:00', '2011-04-28 00:00:00', '柴油', '传送带承载力1T', '177777.77', '在用');
INSERT INTO `ap_car` VALUES (248, '汽车运输服务部', '对接车队', '行李传送车', '民航C-75178', '无锡天一', '行李传送车（WTJ5030JCS）', '2011-01-20 00:00:00', '2011-04-28 00:00:00', '柴油', '传送带承载力1T', '177777.77', '在用');
INSERT INTO `ap_car` VALUES (249, '汽车运输服务部', '对接车队', '行李传送车', '民航C-75221', '无锡天一', '行李传送车（WTJ5030JCS）', '2014-01-02 00:00:00', '2014-01-26 00:00:00', '柴油', '传送带承载力1T', '161367.52', '在用');
INSERT INTO `ap_car` VALUES (250, '汽车运输服务部', '对接车队', '行李传送车', '民航C-75222', '无锡天一', '行李传送车（WTJ5030JCS）', '2014-01-02 00:00:00', '2014-01-26 00:00:00', '柴油', '传送带承载力1T', '161367.52', '在用');
INSERT INTO `ap_car` VALUES (251, '汽车运输服务部', '对接车队', '行李传送车', '民航C-75255', '深圳达航', '行李传送车（TK-XC80C）', '2015-02-08 00:00:00', '2015-02-08 00:00:00', '柴油', '传送带承载力1T', '186914.53', '在用');
INSERT INTO `ap_car` VALUES (252, '汽车运输服务部', '对接车队', '行李传送车', '民航C-75258', '深圳达航', '行李传送车（TK-XC80C）', '2015-02-08 00:00:00', '2015-02-08 00:00:00', '柴油', '传送带承载力1T', '186914.53', '在用');
INSERT INTO `ap_car` VALUES (253, '汽车运输服务部', '对接车队', '行李传送车', '民航C-75265', '深圳达航', '行李传送车（TK-XC80C）', '2015-03-25 00:00:00', '2015-04-08 00:00:00', '柴油', '传送带承载力1T', '186914.53', '在用');
INSERT INTO `ap_car` VALUES (254, '汽车运输服务部', '对接车队', '行李传送车', '民航C-75266', '深圳达航', '行李传送车（TK-XC80C）', '2015-03-25 00:00:00', '2015-04-08 00:00:00', '柴油', '传送带承载力1T', '186914.53', '在用');
INSERT INTO `ap_car` VALUES (255, '汽车运输服务部', '对接车队', '行李传送车', '民航C-75267', '深圳达航', '行李传送车（TK-XC80C）', '2015-03-25 00:00:00', '2015-04-08 00:00:00', '柴油', '传送带承载力1T', '186914.53', '在用');
INSERT INTO `ap_car` VALUES (256, '汽车运输服务部', '对接车队', '行李传送车', '民航C-75322', '深圳达航', '行李传送车（TK-XC80C）', '2015-10-03 00:00:00', '2015-10-09 00:00:00', '柴油', '传送带承载力1T', '186914.53', '在用');
INSERT INTO `ap_car` VALUES (257, '汽车运输服务部', '对接车队', '行李传送车', '民航C-75325', '深圳达航', '行李传送车（TK-XC80C）', '2015-10-03 00:00:00', '2015-10-09 00:00:00', '柴油', '传送带承载力1T', '186914.53', '在用');
INSERT INTO `ap_car` VALUES (258, '汽车运输服务部', '对接车队', '行李传送车', '民航C-75326', '深圳达航', '行李传送车（TK-XC80C）', '2015-10-03 00:00:00', '2015-10-09 00:00:00', '柴油', '传送带承载力1T', '186914.53', '在用');
INSERT INTO `ap_car` VALUES (259, '汽车运输服务部', '对接车队', '行李传送车', '民航C-75327', '深圳达航', '行李传送车（TK-XC80C）', '2015-10-03 00:00:00', '2015-10-09 00:00:00', '柴油', '传送带承载力1T', '186914.53', '在用');
INSERT INTO `ap_car` VALUES (260, '汽车运输服务部', '对接车队', '行李传送车', '民航C-75338', '深圳达航', '行李传送车（TK-XC80C）', '2015-11-30 00:00:00', '2015-12-03 00:00:00', '柴油', '传送带承载力1T', '186914.53', '在用');
INSERT INTO `ap_car` VALUES (261, '汽车运输服务部', '对接车队', '行李传送车', '民航C-75339', '深圳达航', '行李传送车（TK-XC80C）', '2015-11-30 00:00:00', '2015-12-03 00:00:00', '柴油', '传送带承载力1T', '186914.53', '在用');
INSERT INTO `ap_car` VALUES (262, '汽车运输服务部', '对接车队', '行李传送车', '民航C-75340', '深圳达航', '行李传送车（TK-XC80C）', '2015-11-30 00:00:00', '2015-12-03 00:00:00', '柴油', '传送带承载力1T', '186914.53', '在用');
INSERT INTO `ap_car` VALUES (263, '汽车运输服务部', '对接车队', '行李传送车', '民航C-75341', '深圳达航', '行李传送车（TK-XC80C）', '2015-11-30 00:00:00', '2015-12-03 00:00:00', '柴油', '传送带承载力1T', '186914.53', '在用');
INSERT INTO `ap_car` VALUES (264, '汽车运输服务部', '对接车队', '行李传送车', '民航C-75342', '深圳达航', '行李传送车（TK-XC80C）', '2015-11-30 00:00:00', '2015-12-03 00:00:00', '柴油', '传送带承载力1T', '186914.53', '在用');
INSERT INTO `ap_car` VALUES (265, '汽车运输服务部', '对接车队', '行李传送车', '民航C-75343', '深圳达航', '行李传送车（TK-XC80C）', '2015-11-30 00:00:00', '2015-12-03 00:00:00', '柴油', '传送带承载力1T', '186914.53', '在用');
INSERT INTO `ap_car` VALUES (266, '汽车运输服务部', '对接车队', '行李传送车', '民航C-75296', '重庆达航', '行李传送车（TK-XC80C）', '2017-12-20 00:00:00', '2017-12-22 00:00:00', '柴油', '传送带承载力1T', '/', '在用');
INSERT INTO `ap_car` VALUES (267, '汽车运输服务部', '对接车队', '行李传送车', '民航C-75297', '重庆达航', '行李传送车（TK-XC80C）', '2017-12-20 00:00:00', '2017-12-22 00:00:00', '柴油', '传送带承载力1T', '/', '在用');
INSERT INTO `ap_car` VALUES (268, '汽车运输服务部', '对接车队', '行李传送车', '民航C-75298', '重庆达航', '行李传送车（TK-XC80C）', '2017-12-20 00:00:00', '2017-12-22 00:00:00', '柴油', '传送带承载力1T', '/', '在用');
INSERT INTO `ap_car` VALUES (269, '汽车运输服务部', '对接车队', '行李传送车', '民航C-75299', '重庆达航', '行李传送车（TK-XC80C）', '2017-12-20 00:00:00', '2017-12-22 00:00:00', '柴油', '传送带承载力1T', '/', '在用');
INSERT INTO `ap_car` VALUES (270, '汽车运输服务部', '对接车队', '行李传送车', '民航C-75381', '重庆达航', '行李传送车（TK-XC80C）', '2017-12-20 00:00:00', '2017-12-22 00:00:00', '柴油', '传送带承载力1T', '/', '在用');
INSERT INTO `ap_car` VALUES (271, '汽车运输服务部', '对接车队', '行李传送车', '民航C-75382', '重庆达航', '行李传送车（TK-XC80C）', '2017-12-20 00:00:00', '2017-12-22 00:00:00', '柴油', '传送带承载力1T', '/', '在用');
INSERT INTO `ap_car` VALUES (272, '汽车运输服务部', '对接车队', '行李传送车', '民航C-75383', '重庆达航', '行李传送车（TK-XC80C）', '2017-12-20 00:00:00', '2017-12-22 00:00:00', '柴油', '传送带承载力1T', '/', '在用');
INSERT INTO `ap_car` VALUES (273, '汽车运输服务部', '对接车队', '行李传送车', '民航C-75384', '重庆达航', '行李传送车（TK-XC80C）', '2017-12-20 00:00:00', '2017-12-22 00:00:00', '柴油', '传送带承载力1T', '/', '在用');
INSERT INTO `ap_car` VALUES (274, '汽车运输服务部', '对接车队', '行李传送车', '民航C-75385', '重庆达航', '行李传送车（TK-XC80C）', '2017-12-20 00:00:00', '2017-12-22 00:00:00', '柴油', '传送带承载力1T', '/', '在用');
INSERT INTO `ap_car` VALUES (275, '汽车运输服务部', '对接车队', '行李传送车', '民航C-75386', '重庆达航', '行李传送车（TK-XC80C）', '2017-12-20 00:00:00', '2017-12-22 00:00:00', '柴油', '传送带承载力1T', '/', '在用');
INSERT INTO `ap_car` VALUES (276, '汽车运输服务部', '对接车队', '行李传送车', '民航C-75356', '上海航福', '拖曳式行李传送车（HF1836）', '2016-11-01 00:00:00', '2016-11-10 00:00:00', '柴油', '传送带承载力1T', '93589.74', '在用');
INSERT INTO `ap_car` VALUES (277, '汽车运输服务部', '对接车队', '行李传送车', '民航C-75357', '上海航福', '拖曳式行李传送车（HF1836）', '2016-11-01 00:00:00', '2016-11-10 00:00:00', '柴油', '传送带承载力1T', '93589.74', '在用');
INSERT INTO `ap_car` VALUES (278, '汽车运输服务部', '对接车队', '行李传送车', '民航C-75358', '上海航福', '拖曳式行李传送车（HF1836）', '2016-11-01 00:00:00', '2016-11-10 00:00:00', '柴油', '传送带承载力1T', '93589.75', '在用');
INSERT INTO `ap_car` VALUES (279, '汽车运输服务部', '对接车队', '行李传送车', '民航C-75359', '上海航福', '拖曳式行李传送车（HF1836）', '2016-11-01 00:00:00', '2016-11-10 00:00:00', '柴油', '传送带承载力1T', '93589.74', '在用');
INSERT INTO `ap_car` VALUES (280, '汽车运输服务部', '对接车队', ' 平台车', '民航C-75002', '威海广泰', '升降平台车（WGSJT14）', '2006-11-07 00:00:00', '2006-11-20 00:00:00', '柴油', '最大起重14T', '2580000.0', '停用');
INSERT INTO `ap_car` VALUES (281, '汽车运输服务部', '对接车队', ' 平台车', '民航C-75003', '威海广泰', '升降平台车（WGSJT14）', '2007-03-12 00:00:00', '2007-03-25 00:00:00', '柴油', '最大起重14T', '2220000.0', '在用');
INSERT INTO `ap_car` VALUES (282, '汽车运输服务部', '对接车队', ' 平台车', '民航C-75005', '威海广泰', '升降平台车（WGSJT14）', '2010-01-27 00:00:00', '2010-02-08 00:00:00', '柴油', '最大起重14T', '2369000.0', '在用');
INSERT INTO `ap_car` VALUES (283, '汽车运输服务部', '对接车队', ' 平台车', '民航C-75004', '腾达（TLD）', '升降平台车（TXL-838）', '2009-11-06 00:00:00', '2009-11-06 00:00:00', '柴油', '最大起重7T', '1580000.0', '在用');
INSERT INTO `ap_car` VALUES (284, '汽车运输服务部', '对接车队', ' 平台车', '民航C-75182', '腾达（TLD）', '升降平台车（TXL-838）', '2011-03-17 00:00:00', '2011-05-20 00:00:00', '柴油', '最大起重7T', '1383010.56', '在用');
INSERT INTO `ap_car` VALUES (285, '汽车运输服务部', '对接车队', ' 平台车', '民航C-75301', '腾达（TLD）', '升降平台车（929）', '2015-04-15 00:00:00', '2015-06-30 00:00:00', '柴油', '最大起重14T', '2452991.44', '在用');
INSERT INTO `ap_car` VALUES (286, '汽车运输服务部', '对接车队', ' 平台车', '民航C-75302', '腾达（TLD）', '升降平台车（929）', '2015-04-15 00:00:00', '2015-06-30 00:00:00', '柴油', '最大起重14T', '2452991.44', '在用');
INSERT INTO `ap_car` VALUES (287, '汽车运输服务部', '对接车队', ' 平台车', '民航C-75352', '腾达（TLD）', '升降平台车（929）', '2016-01-01 00:00:00', '2016-01-05 00:00:00', '柴油', '最大起重14T', '2452991.44', '在用');
INSERT INTO `ap_car` VALUES (288, '汽车运输服务部', '对接车队', ' 平台车', '民航C-75366', '腾达（TLD）', '升降平台车（929）', '2016-11-21 00:00:00', '2016-11-30 00:00:00', '柴油', '最大起重14T', '2452991.46', '在用');
INSERT INTO `ap_car` VALUES (289, '汽车运输服务部', '对接车队', ' 平台车', '民航C-75505', '威海广泰', '升降平台车（WGSJT14）', '2019-01-19 00:00:00', '2019-01-23 00:00:00', '柴油', '最大起重14T', '2369000.0', '在用');
INSERT INTO `ap_car` VALUES (290, '汽车运输服务部', '对接车队', '行李牵引车', '民航C-75078', '上海中港', '行李牵引车（SZG4032-020）', '2006-10-26 00:00:00', '2006-11-01 00:00:00', '柴油', '最大牵引力2T', '89200.0', '在用');
INSERT INTO `ap_car` VALUES (291, '汽车运输服务部', '对接车队', '行李牵引车', '民航C-75079', '上海中港', '行李牵引车（SZG4032-020）', '2006-10-26 00:00:00', '2006-11-01 00:00:00', '柴油', '最大牵引力2T', '89200.0', '在用');
INSERT INTO `ap_car` VALUES (292, '汽车运输服务部', '对接车队', '行李牵引车', '民航C-75080', '上海中港', '行李牵引车（SZG4032-020）', '2006-10-26 00:00:00', '2006-11-01 00:00:00', '柴油', '最大牵引力2T', '89200.0', '在用');
INSERT INTO `ap_car` VALUES (293, '汽车运输服务部', '对接车队', '贵宾中巴车', '民航C-75200', '丰田柯斯达', '贵宾中巴车', '2011-12-01 00:00:00', '2011-12-01 00:00:00', '汽油', '最大载客20人', '478100.0', '在用');
INSERT INTO `ap_car` VALUES (294, '汽车运输服务部', '对接车队', '贵宾中巴车', '民航C-75201', '丰田柯斯达', '贵宾中巴车', '2011-12-01 00:00:00', '2011-12-01 00:00:00', '汽油', '最大载客20人', '478100.0', '在用');
INSERT INTO `ap_car` VALUES (295, '汽车运输服务部', '对接车队', '贵宾中巴车', '琼B04371', '丰田柯斯达', '头等舱中巴车', '2005-02-03 00:00:00', '2005-03-01 00:00:00', '汽油', '最大载客20人', '376998.0', '在用');
INSERT INTO `ap_car` VALUES (296, '汽车运输服务部', '对接车队', '贵宾中巴车', '琼B04451', '丰田柯斯达', '头等舱中巴车', '2008-07-08 00:00:00', '2008-08-18 00:00:00', '柴油', '最大载客20人', '416242.0', '在用');
INSERT INTO `ap_car` VALUES (297, '汽车运输服务部', '对接车队', '贵宾中巴车', '琼B15385', '丰田柯斯达', '贵宾中巴车', '2011-12-01 00:00:00', '2011-12-01 00:00:00', '汽油', '最大载客20人', '962397.06', '在用');
INSERT INTO `ap_car` VALUES (298, '汽车运输服务部', '对接车队', '贵宾中巴车', '琼B17207', '丰田柯斯达', '贵宾中巴车', '2013-11-12 00:00:00', '2014-01-01 00:00:00', '汽油', '最大载客20人', '367173.0', '在用');
INSERT INTO `ap_car` VALUES (299, '汽车运输服务部', '对接车队', '贵宾中巴车', '民航C-75202', '丰田柯斯达', '贵宾中巴车', '2011-12-01 00:00:00', '2011-12-15 00:00:00', '汽油', '最大载客12人', '786300.0', '在用');
INSERT INTO `ap_car` VALUES (300, '汽车运输服务部', '对接车队', '贵宾中巴车', '民航C-75203', '丰田柯斯达', '贵宾中巴车', '2011-12-01 00:00:00', '2011-12-15 00:00:00', '汽油', '最大载客12人', '786300.0', '在用');
INSERT INTO `ap_car` VALUES (301, '汽车运输服务部', '对接车队', '贵宾中巴车', '民航C-75206', '丰田柯斯达', '贵宾中巴车', '2011-12-01 00:00:00', '2011-12-15 00:00:00', '汽油', '最大载客12人', '891329.06', '在用');
INSERT INTO `ap_car` VALUES (302, '汽车运输服务部', '对接车队', '贵宾中巴车', '民航C-75224', '丰田柯斯达', '贵宾中巴车', '2013-12-10 00:00:00', '2014-01-01 00:00:00', '汽油', '最大载客12人', '487876.92', '在用');
INSERT INTO `ap_car` VALUES (303, '汽车运输服务部', '对接车队', '贵宾中巴车', '民航C-75225', '丰田柯斯达', '贵宾中巴车', '2013-12-10 00:00:00', '2014-01-01 00:00:00', '汽油', '最大载客12人', '487876.92', '在用');
INSERT INTO `ap_car` VALUES (304, '汽车运输服务部', '对接车队', '贵宾中巴车', '民航C-75156', '丰田柯斯达', '贵宾中巴车', '2011-12-01 00:00:00', '2011-12-13 00:00:00', '汽油', '最大载客16人', '471800.0', '在用');
INSERT INTO `ap_car` VALUES (305, '汽车运输服务部', '对接车队', '贵宾中巴车', '民航C-75122', '丰田柯斯达', '贵宾中巴车', '2011-12-01 00:00:00', '2011-12-13 00:00:00', '柴油', '最大载客16人', '384100.0', '在用');
INSERT INTO `ap_car` VALUES (306, '汽车运输服务部', '对接车队', '贵宾中巴车', '琼B15650', '丰田柯斯达', '贵宾中巴车', '2011-12-01 00:00:00', '2011-12-13 00:00:00', '汽油', '最大载客16人', '512124.0', '在用');
INSERT INTO `ap_car` VALUES (307, '汽车运输服务部', '对接车队', '贵宾中巴车', '琼B07933', '丰田柯斯达', '贵宾中巴车', '2009-07-09 00:00:00', '2009-07-29 00:00:00', '汽油', '最大载客8人', '731430.0', '在用');
INSERT INTO `ap_car` VALUES (308, '汽车运输服务部', '对接车队', '贵宾中巴车', '琼B07953', '丰田柯斯达', '贵宾中巴车', '2009-07-09 00:00:00', '2009-07-29 00:00:00', '汽油', '最大载客8人', '731430.0', '在用');
INSERT INTO `ap_car` VALUES (309, '汽车运输服务部', '对接车队', '贵宾中巴车', '民航C-75262', '郑州宇通', 'VIP客车', '2015-02-21 00:00:00', '2015-03-02 00:00:00', '柴油', '最大载客32人', '441025.64', '在用');
INSERT INTO `ap_car` VALUES (310, '汽车运输服务部', '对接车队', '面包车', '民航C-75204', '北汽福田', '轻型面包', '2012-06-04 00:00:00', '2012-06-10 00:00:00', '汽油', '改装行李车', '92606.03', '在用');
INSERT INTO `ap_car` VALUES (311, '汽车运输服务部', '对接车队', '面包车', '民航C-75205', '北汽福田', '轻型面包', '2012-06-04 00:00:00', '2012-06-10 00:00:00', '汽油', '改装行李车', '92606.03', '在用');
INSERT INTO `ap_car` VALUES (312, '汽车运输服务部', '对接车队', '箱体电动车', '民航C-75291', '苏州益高', '电瓶车', '2017-11-09 00:00:00', '2018-06-25 00:00:00', '电瓶', '行李电瓶车', '/', '良好');
INSERT INTO `ap_car` VALUES (313, '汽车运输服务部', '对接车队', '箱体电动车', '民航C-75292', '苏州益高', '电瓶车', '2017-11-09 00:00:00', '2018-06-25 00:00:00', '电瓶', '行李电瓶车', '/', '良好');
INSERT INTO `ap_car` VALUES (314, '汽车运输服务部', '对接车队', '箱体电动车', '民航C-75293', '苏州益高', '电瓶车', '2017-11-09 00:00:00', '2018-06-25 00:00:00', '电瓶', '行李电瓶车', '/', '良好');
INSERT INTO `ap_car` VALUES (315, '汽车运输服务部', '对接车队', '箱体电动车', '民航C-75294', '苏州益高', '电瓶车', '2017-11-09 00:00:00', '2018-06-25 00:00:00', '电瓶', '行李电瓶车', '/', '良好');
INSERT INTO `ap_car` VALUES (316, '汽车运输服务部', '对接车队', '电瓶车', '民航C-75191', '苏州益高', '电瓶观光车', '2011-08-08 00:00:00', '2011-08-08 00:00:00', '电瓶', '载客12人', '35897.43', '在用');
INSERT INTO `ap_car` VALUES (317, '汽车运输服务部', '对接车队', '电瓶车', '民航C-75193', '苏州益高', '电瓶观光车', '2011-08-08 00:00:00', '2011-08-08 00:00:00', '电瓶', '载客12人', '35897.43', '在用');
INSERT INTO `ap_car` VALUES (318, '汽车运输服务部', '对接车队', '电瓶车', '民航C-75248', '苏州益高', '电瓶观光车', '2014-11-17 00:00:00', '2014-11-17 00:00:00', '电瓶', '载客12人', '35897.43', '在用');
INSERT INTO `ap_car` VALUES (319, '汽车运输服务部', '对接车队', '摆渡车', '民航C-75098', '腾达（TLD）', '旅客摆渡车(AB120)', '2007-09-02 00:00:00', '2007-09-20 00:00:00', '柴油', '最大载客120人', '3070000.0', '在用');
INSERT INTO `ap_car` VALUES (320, '汽车运输服务部', '对接车队', '摆渡车', '民航C-75099', '辽宁黄海', '旅客摆渡车(HS5300BZK)', '2007-09-09 00:00:00', '2007-09-10 00:00:00', '柴油', '最大载客120人', '850000.0', '在用');
INSERT INTO `ap_car` VALUES (321, '汽车运输服务部', '对接车队', '摆渡车', '民航C-75103', '辽宁黄海', '旅客摆渡车(HS5300BZK)', '2007-05-01 00:00:00', '2007-10-09 00:00:00', '柴油', '最大载客120人', '850000.0', '在用');
INSERT INTO `ap_car` VALUES (322, '汽车运输服务部', '对接车队', '摆渡车', '民航C-75101', '辽宁黄海', '旅客摆渡车(HS5300BZK)', '2007-04-01 00:00:00', '2007-09-24 00:00:00', '柴油', '最大载客120人', '850000.0', '在用');
INSERT INTO `ap_car` VALUES (323, '汽车运输服务部', '对接车队', '摆渡车', '民航C-75105', '辽宁黄海', '旅客摆渡车(HS5300BZK)', '2007-11-01 00:00:00', '2008-01-07 00:00:00', '柴油', '最大载客120人', '850000.0', '在用');
INSERT INTO `ap_car` VALUES (324, '汽车运输服务部', '对接车队', '摆渡车', '民航C-75106', '辽宁黄海', '旅客摆渡车(HS5300BZK)', '2007-11-01 00:00:00', '2008-01-07 00:00:00', '柴油', '最大载客120人', '850000.0', '在用');
INSERT INTO `ap_car` VALUES (325, '汽车运输服务部', '对接车队', '摆渡车', '民航C-75107', '辽宁黄海', '旅客摆渡车(HS5300BZK)', '2007-11-01 00:00:00', '2008-01-07 00:00:00', '柴油', '最大载客120人', '850000.0', '在用');
INSERT INTO `ap_car` VALUES (326, '汽车运输服务部', '对接车队', '摆渡车', '民航C-75108', '空港牌', '旅客摆渡车(KG-B6300ZK)', '2010-03-01 00:00:00', '2010-03-05 00:00:00', '柴油', '最大载客112人', '870000.0', '在用');
INSERT INTO `ap_car` VALUES (327, '汽车运输服务部', '对接车队', '摆渡车', '民航C-75109', '空港牌', '旅客摆渡车(KG-B6300ZK)', '2010-03-01 00:00:00', '2010-03-05 00:00:00', '柴油', '最大载客112人', '870000.0', '在用');
INSERT INTO `ap_car` VALUES (328, '汽车运输服务部', '对接车队', '摆渡车', '民航C-75253', '空港牌', '旅客摆渡车(KG-B6300)', '2014-11-01 00:00:00', '2014-11-12 00:00:00', '柴油', '最大载客112人', '981196.58', '在用');
INSERT INTO `ap_car` VALUES (329, '汽车运输服务部', '对接车队', '摆渡车', '民航C-75254', '空港牌', '旅客摆渡车(KG-B6300)', '2014-11-01 00:00:00', '2014-11-12 00:00:00', '柴油', '最大载客112人', '981196.58', '在用');
INSERT INTO `ap_car` VALUES (330, '汽车运输服务部', '对接车队', '摆渡车', '民航C-75315', '空港牌', '旅客摆渡车(KG-B6300)', '2015-09-08 00:00:00', '2015-10-09 00:00:00', '柴油', '最大载客120人', '981196.58', '在用');
INSERT INTO `ap_car` VALUES (331, '汽车运输服务部', '对接车队', '摆渡车', '民航C-75316', '空港牌', '旅客摆渡车(KG-B6300)', '2015-09-08 00:00:00', '2015-10-09 00:00:00', '柴油', '最大载客120人', '981196.58', '在用');
INSERT INTO `ap_car` VALUES (332, '汽车运输服务部', '对接车队', '摆渡车', '民航C-75368', '空港牌', '旅客摆渡车(KG-B6300)', '2016-12-06 00:00:00', '2016-12-20 00:00:00', '柴油', '最大载客120人', '1220512.82', '在用');
INSERT INTO `ap_car` VALUES (333, '汽车运输服务部', '对接车队', '摆渡车', '民航C-75295', '空港牌', '旅客摆渡车(KG-B6300)', '2017-12-01 00:00:00', '2017-12-06 00:00:00', '柴油', '最大载客120人', '/', '在用');
INSERT INTO `ap_car` VALUES (334, '汽车运输服务部', '对接车队', '摆渡车', '民航C-75389', '空港牌', '旅客摆渡车(KG-B6300)', '2018-02-05 00:00:00', '2018-02-08 00:00:00', '柴油', '最大载客120人', '/', '在用');
INSERT INTO `ap_car` VALUES (335, '汽车运输服务部', '对接车队', '摆渡车', '民航C-75390', '空港牌', '旅客摆渡车(KG-B6300)', '2018-02-05 00:00:00', '2018-02-08 00:00:00', '柴油', '最大载客120人', '/', '在用');
INSERT INTO `ap_car` VALUES (336, '汽车运输服务部', '对接车队', '摆渡车', '民航C-75399', '空港牌', '旅客摆渡车(KG-B6300)', '2018-04-23 00:00:00', '2018-04-27 00:00:00', '柴油', '最大载客120人', '/', '在用');
INSERT INTO `ap_car` VALUES (337, '汽车运输服务部', '对接车队', '摆渡车', '民航C-75168', '郑州宇通', '旅客摆渡车(ZK6140BD)', '2011-01-11 00:00:00', '2011-01-15 00:00:00', '柴油', '最大载客130人', '1005982.91', '在用');
INSERT INTO `ap_car` VALUES (338, '汽车运输服务部', '对接车队', '摆渡车', '民航C-75169', '郑州宇通', '旅客摆渡车(ZK6140BD)', '2011-01-11 00:00:00', '2011-01-15 00:00:00', '柴油', '最大载客130人', '1005982.91', '在用');
INSERT INTO `ap_car` VALUES (339, '汽车运输服务部', '对接车队', '摆渡车', '民航C-75217', '郑州宇通', '旅客摆渡车(ZK6140BD)', '2013-11-01 00:00:00', '2013-11-06 00:00:00', '柴油', '最大载客130人', '1030000.0', '在用');
INSERT INTO `ap_car` VALUES (340, '汽车运输服务部', '对接车队', '摆渡车', '民航C-75218', '郑州宇通', '旅客摆渡车(ZK6140BD)', '2013-11-01 00:00:00', '2013-11-06 00:00:00', '柴油', '最大载客130人', '1030000.0', '在用');
INSERT INTO `ap_car` VALUES (341, '汽车运输服务部', '对接车队', '贵宾中巴车', '民航C-75396', '郑州宇通', '旅客中巴车', '2018-04-02 00:00:00', '2018-04-10 00:00:00', '柴油', '最大载客19人', '/', '在用');
INSERT INTO `ap_car` VALUES (342, '汽车运输服务部', '对接车队', '贵宾中巴车', '民航C-75397', '郑州宇通', '旅客中巴车', '2018-04-02 00:00:00', '2018-04-10 00:00:00', '柴油', '最大载客19人', '/', '在用');
INSERT INTO `ap_car` VALUES (343, '汽车运输服务部', '对接车队', '贵宾中巴车', '民航C-75398', '郑州宇通', '旅客中巴车', '2018-04-02 00:00:00', '2018-04-10 00:00:00', '柴油', '最大载客19人', '/', '在用');
INSERT INTO `ap_car` VALUES (344, '汽车运输服务部', '对接车队', '行李牵引车', '民航C-75081', '上海中港', '行李牵引车（SZG4032-020）', '2007-11-19 00:00:00', '2007-11-26 00:00:00', '柴油', '最大牵引力2T', '87500.0', '在用');
INSERT INTO `ap_car` VALUES (345, '汽车运输服务部', '对接车队', '行李牵引车', '民航C-75082', '上海中港', '行李牵引车（SZG4032-020）', '2007-11-19 00:00:00', '2007-11-26 00:00:00', '柴油', '最大牵引力2T', '87500.0', '在用');
INSERT INTO `ap_car` VALUES (346, '汽车运输服务部', '对接车队', '行李牵引车', '民航C-75083', '上海中港', '行李牵引车（SZG4032-020）', '2007-11-19 00:00:00', '2007-11-26 00:00:00', '柴油', '最大牵引力2T', '87500.0', '在用');
INSERT INTO `ap_car` VALUES (347, '汽车运输服务部', '对接车队', '行李牵引车', '民航C-75084', '上海中港', '行李牵引车（SZG4032-020）', '2007-12-08 00:00:00', '2008-01-07 00:00:00', '柴油', '最大牵引力2T', '87500.0', '在用');
INSERT INTO `ap_car` VALUES (348, '汽车运输服务部', '对接车队', '行李牵引车', '民航C-75085', '上海中港', '行李牵引车（SZG4032-020）', '2007-12-08 00:00:00', '2008-01-07 00:00:00', '柴油', '最大牵引力2T', '87500.0', '在用');
INSERT INTO `ap_car` VALUES (349, '汽车运输服务部', '对接车队', '行李牵引车', '民航C-75086', '上海中港', '行李牵引车（SZG4032-020）', '2007-12-08 00:00:00', '2008-01-07 00:00:00', '柴油', '最大牵引力2T', '87500.0', '在用');
INSERT INTO `ap_car` VALUES (350, '汽车运输服务部', '对接车队', '行李牵引车', '民航C-75087', '上海中港', '行李牵引车（SZG4032-020）', '2008-04-25 00:00:00', '2008-05-04 00:00:00', '柴油', '最大牵引力2T', '87500.0', '在用');
INSERT INTO `ap_car` VALUES (351, '汽车运输服务部', '对接车队', '行李牵引车', '民航C-75088', '上海中港', '行李牵引车（SZG4032-020）', '2008-04-25 00:00:00', '2008-05-04 00:00:00', '柴油', '最大牵引力2T', '87500.0', '在用');
INSERT INTO `ap_car` VALUES (352, '汽车运输服务部', '对接车队', '行李牵引车', '民航C-75089', '上海中港', '行李牵引车（SZG4032-020）', '2008-04-25 00:00:00', '2008-05-04 00:00:00', '柴油', '最大牵引力2T', '87500.0', '在用');
INSERT INTO `ap_car` VALUES (353, '汽车运输服务部', '对接车队', '行李牵引车', '民航C-75090', '上海中港', '行李牵引车（SZG4032-020）', '2008-04-25 00:00:00', '2008-05-04 00:00:00', '柴油', '最大牵引力2T', '87500.0', '在用');
INSERT INTO `ap_car` VALUES (354, '汽车运输服务部', '对接车队', '行李牵引车', '民航C-75091', '上海中港', '行李牵引车（SZG4032-020）', '2008-04-25 00:00:00', '2008-05-04 00:00:00', '柴油', '最大牵引力2T', '87500.0', '在用');
INSERT INTO `ap_car` VALUES (355, '汽车运输服务部', '对接车队', '行李牵引车', '民航C-75092', '上海中港', '行李牵引车（SZG4032-020）', '2008-04-25 00:00:00', '2008-05-04 00:00:00', '柴油', '最大牵引力2T', '87500.0', '在用');
INSERT INTO `ap_car` VALUES (356, '汽车运输服务部', '对接车队', '行李牵引车', '民航C-75093', '上海中港', '行李牵引车（SZG4032-020）', '2008-04-25 00:00:00', '2008-05-04 00:00:00', '柴油', '最大牵引力2T', '87500.0', '在用');
INSERT INTO `ap_car` VALUES (357, '汽车运输服务部', '对接车队', '行李牵引车', '民航C-75242', '上海中港', '行李牵引车（SZG4032-020）', '2014-08-11 00:00:00', '2014-08-21 00:00:00', '柴油', '最大牵引力2T', '85128.2', '在用');
INSERT INTO `ap_car` VALUES (358, '汽车运输服务部', '对接车队', '行李牵引车', '民航C-75243', '上海中港', '行李牵引车（SZG4032-020）', '2014-08-11 00:00:00', '2014-08-21 00:00:00', '柴油', '最大牵引力2T', '85128.2', '在用');
INSERT INTO `ap_car` VALUES (359, '汽车运输服务部', '对接车队', '行李牵引车', '民航C-75244', '上海中港', '行李牵引车（SZG4032-020）', '2014-08-11 00:00:00', '2014-08-21 00:00:00', '柴油', '最大牵引力2T', '85128.2', '在用');
INSERT INTO `ap_car` VALUES (360, '汽车运输服务部', '对接车队', '行李牵引车', '民航C-75245', '上海中港', '行李牵引车（SZG4032-020）', '2014-08-11 00:00:00', '2014-08-21 00:00:00', '柴油', '最大牵引力2T', '85128.2', '在用');
INSERT INTO `ap_car` VALUES (361, '汽车运输服务部', '对接车队', '行李牵引车', '民航C-75246', '上海中港', '行李牵引车（SZG4032-020）', '2014-08-11 00:00:00', '2014-08-21 00:00:00', '柴油', '最大牵引力2T', '85128.23', '在用');
INSERT INTO `ap_car` VALUES (362, '汽车运输服务部', '对接车队', '行李牵引车', '民航C-75317', '上海中港', '行李牵引车（SZG4032-020）', '2015-09-08 00:00:00', '2015-10-09 00:00:00', '柴油', '最大牵引力2T', '93333.33', '在用');
INSERT INTO `ap_car` VALUES (363, '汽车运输服务部', '对接车队', '行李牵引车', '民航C-75318', '上海中港', '行李牵引车（SZG4032-020）', '2015-09-08 00:00:00', '2015-10-09 00:00:00', '柴油', '最大牵引力2T', '93333.33', '在用');
INSERT INTO `ap_car` VALUES (364, '汽车运输服务部', '对接车队', '行李牵引车', '民航C-75319', '上海中港', '行李牵引车（SZG4032-020）', '2015-09-08 00:00:00', '2015-10-09 00:00:00', '柴油', '最大牵引力2T', '93333.33', '在用');
INSERT INTO `ap_car` VALUES (365, '汽车运输服务部', '对接车队', '行李牵引车', '民航C-75320', '上海中港', '行李牵引车（SZG4032-020）', '2015-09-08 00:00:00', '2015-10-09 00:00:00', '柴油', '最大牵引力2T', '93333.35', '在用');
INSERT INTO `ap_car` VALUES (366, '汽车运输服务部', '对接车队', '行李牵引车', '民航C-75321', '上海中港', '行李牵引车（SZG4032-020）', '2015-09-08 00:00:00', '2015-10-09 00:00:00', '柴油', '最大牵引力2T', '93333.33', '在用');
INSERT INTO `ap_car` VALUES (367, '汽车运输服务部', '对接车队', '行李牵引车', '民航C-75360', '上海中港', '行李牵引车（SZG4032-020）', '2016-11-07 00:00:00', '2016-11-14 00:00:00', '柴油', '最大牵引力2T', '89743.59', '在用');
INSERT INTO `ap_car` VALUES (368, '汽车运输服务部', '对接车队', '行李牵引车', '民航C-75361', '上海中港', '行李牵引车（SZG4032-020）', '2016-11-07 00:00:00', '2016-11-14 00:00:00', '柴油', '最大牵引力2T', '89743.59', '在用');
INSERT INTO `ap_car` VALUES (369, '汽车运输服务部', '对接车队', '行李牵引车', '民航C-75362', '上海中港', '行李牵引车（SZG4032-020）', '2016-11-07 00:00:00', '2016-11-14 00:00:00', '柴油', '最大牵引力2T', '89743.59', '在用');
INSERT INTO `ap_car` VALUES (370, '汽车运输服务部', '对接车队', '行李牵引车', '民航C-75363', '上海中港', '行李牵引车（SZG4032-020）', '2016-11-07 00:00:00', '2016-11-14 00:00:00', '柴油', '最大牵引力2T', '89743.59', '在用');
INSERT INTO `ap_car` VALUES (371, '汽车运输服务部', '对接车队', '行李牵引车', '民航C-75364', '上海中港', '行李牵引车（SZG4032-020）', '2016-11-07 00:00:00', '2016-11-14 00:00:00', '柴油', '最大牵引力2T', '89743.59', '在用');
INSERT INTO `ap_car` VALUES (372, '汽车运输服务部', '对接车队', '行李牵引车', '民航C-75283', '上海中港', '行李牵引车（SZG4032-020）', '2017-11-02 00:00:00', '2017-11-06 00:00:00', '柴油', '最大牵引力2T', '/', '在用');
INSERT INTO `ap_car` VALUES (373, '汽车运输服务部', '对接车队', '行李牵引车', '民航C-75284', '上海中港', '行李牵引车（SZG4032-020）', '2017-11-02 00:00:00', '2017-11-06 00:00:00', '柴油', '最大牵引力2T', '/', '在用');
INSERT INTO `ap_car` VALUES (374, '汽车运输服务部', '对接车队', '行李牵引车', '民航C-75285', '上海中港', '行李牵引车（SZG4032-020）', '2017-11-02 00:00:00', '2017-11-06 00:00:00', '柴油', '最大牵引力2T', '/', '在用');
INSERT INTO `ap_car` VALUES (375, '汽车运输服务部', '对接车队', '行李牵引车', '民航C-75286', '上海中港', '行李牵引车（SZG4032-020）', '2017-11-02 00:00:00', '2017-11-06 00:00:00', '柴油', '最大牵引力2T', '/', '在用');
INSERT INTO `ap_car` VALUES (376, '汽车运输服务部', '对接车队', '行李牵引车', '民航C-75287', '上海中港', '行李牵引车（SZG4032-020）', '2017-11-02 00:00:00', '2017-11-06 00:00:00', '柴油', '最大牵引力2T', '/', '在用');
INSERT INTO `ap_car` VALUES (377, '汽车运输服务部', '对接车队', '行李牵引车', '民航C-75094', '浙江航叉', '行李牵引车（HCC20）', '2009-11-14 00:00:00', '2009-12-14 00:00:00', '柴油', '最大牵引力2T', '85000.0', '在用');
INSERT INTO `ap_car` VALUES (378, '汽车运输服务部', '对接车队', '行李牵引车', '民航C-75104', '浙江航叉', '行李牵引车（HCC20）', '2009-12-04 00:00:00', '2009-12-14 00:00:00', '柴油', '最大牵引力2T', '85000.0', '在用');
INSERT INTO `ap_car` VALUES (379, '汽车运输服务部', '对接车队', '行李牵引车', '民航C-75096', '浙江航叉', '行李牵引车（HCC20）', '2009-12-04 00:00:00', '2009-12-14 00:00:00', '柴油', '最大牵引力2T', '85000.0', '在用');
INSERT INTO `ap_car` VALUES (380, '汽车运输服务部', '对接车队', '行李牵引车', '民航C-75097', '浙江航叉', '行李牵引车（HCC20）', '2009-12-04 00:00:00', '2009-12-14 00:00:00', '柴油', '最大牵引力2T', '85000.0', '在用');
INSERT INTO `ap_car` VALUES (381, '汽车运输服务部', '对接车队', '行李牵引车', '民航C-75210', '广东合力', '行李牵引车（QYC20）', '2013-02-20 00:00:00', '2013-02-27 00:00:00', '柴油', '最大牵引力2T', '71794.87', '在用');
INSERT INTO `ap_car` VALUES (382, '汽车运输服务部', '对接车队', '行李牵引车', '民航C-75211', '广东合力', '行李牵引车（QYC20）', '2013-02-20 00:00:00', '2013-02-27 00:00:00', '柴油', '最大牵引力2T', '71794.87', '在用');
INSERT INTO `ap_car` VALUES (383, '汽车运输服务部', '对接车队', '引导车', '民航C-75130', '一汽捷达', '飞机引导车（捷达FV7160FG）', '2007-10-19 00:00:00', '2007-10-19 00:00:00', '汽油', '载客5人', '75065.0', '在用');
INSERT INTO `ap_car` VALUES (384, '汽车运输服务部', '勤务车队', '飞机牵引车', '民航C-75256', '腾达（TLD）', '无杆（TPX-200-MT)', '2014-11-18 00:00:00', '2014-11-27 00:00:00', '柴油', '最大牵引力300KN以下', '2923076.92', '在用');
INSERT INTO `ap_car` VALUES (385, '汽车运输服务部', '勤务车队', '飞机牵引车', '民航C-75257', '腾达（TLD）', '无杆（TPX-200-MT)', '2014-12-16 00:00:00', '2014-12-24 00:00:00', '柴油', '最大牵引力300KN以下', '2923076.92', '在用');
INSERT INTO `ap_car` VALUES (386, '汽车运输服务部', '勤务车队', '飞机牵引车', '民航C-76125', '腾达（TLD）', '无杆（TPX-200-MT)', '2010-08-12 00:00:00', '2010-08-20 00:00:00', '柴油', '最大牵引力300KN以下', '/', '在用');
INSERT INTO `ap_car` VALUES (387, '汽车运输服务部', '勤务车队', '飞机牵引车', '民航C-75289', '腾达（TLD）', '无杆（TPX-200-MT)', '2017-10-11 00:00:00', '2017-10-15 00:00:00', '柴油', '最大牵引力300KN以下', '/', '在用');
INSERT INTO `ap_car` VALUES (388, '汽车运输服务部', '勤务车队', '飞机牵引车', '民航C-75367', '腾达（TLD）', '有杆（TMX-450)', '2016-12-02 00:00:00', '2016-12-20 00:00:00', '柴油', '最大牵引力320KN以下', '1776923.07', '在用');
INSERT INTO `ap_car` VALUES (389, '汽车运输服务部', '勤务车队', '飞机牵引车', '民航C-75378', '腾达（TLD）', '有杆（TMX-450)', '2017-03-02 00:00:00', '2017-03-02 00:00:00', '柴油', '最大牵引力120KN以下', '598290.6', '在用');
INSERT INTO `ap_car` VALUES (390, '汽车运输服务部', '勤务车队', '气源车', '民航C-75274', '威海广泰', '飞机气源车(WGAS290)', '2015-04-25 00:00:00', '2015-04-28 00:00:00', '柴油', '供气流量290PPM', '1264102.56', '在用');
INSERT INTO `ap_car` VALUES (391, '汽车运输服务部', '勤务车队', '气源车', '民航C-75300', '威海广泰', '飞机气源车(WGAS290)', '2015-04-25 00:00:00', '2015-04-28 00:00:00', '柴油', '供气流量290PPM', '1264102.56', '在用');
INSERT INTO `ap_car` VALUES (392, '汽车运输服务部', '勤务车队', '空调车', '民航C-75330', '威海广泰', '飞机空调车(WGAC120)', '2015-10-12 00:00:00', '2015-10-12 00:00:00', '柴油', '制冷量422KW', '1224786.32', '在用');
INSERT INTO `ap_car` VALUES (393, '汽车运输服务部', '勤务车队', '清水车', '民航C-75045', '深圳达航', '飞机清水车（QS30）', '2009-01-22 00:00:00', '2009-01-29 00:00:00', '柴油', '水箱容积2800L', '162000.0', '在用');
INSERT INTO `ap_car` VALUES (394, '汽车运输服务部', '勤务车队', '清水车', '民航C-75345', '深圳达航', '飞机清水车（TK-QS40）', '2015-12-04 00:00:00', '2015-12-07 00:00:00', '柴油', '水箱容积2800L', '228931.62', '在用');
INSERT INTO `ap_car` VALUES (395, '汽车运输服务部', '勤务车队', '清水车', '民航C-75290', '深圳达航', '飞机清水车（TK-QS40）', '2017-11-04 00:00:00', '2017-11-08 00:00:00', '柴油', '水箱容积2800L', '/', '在用');
INSERT INTO `ap_car` VALUES (396, '汽车运输服务部', '勤务车队', '清水车', '民航C-75344', '深圳达航', '飞机清水车（TK-QS40）', '2015-12-04 00:00:00', '2015-12-07 00:00:00', '柴油', '水箱容积2800L', '228931.62', '在用');
INSERT INTO `ap_car` VALUES (397, '汽车运输服务部', '勤务车队', '清水车', '民航C-75046', '无锡天一', '飞机清水车（WTJ5050GQS）', '2007-12-10 00:00:00', '2007-12-24 00:00:00', '柴油', '水箱容积2900L', '180000.0', '在用');
INSERT INTO `ap_car` VALUES (398, '汽车运输服务部', '勤务车队', '清水车', '民航C-75215', '无锡天一', '飞机清水车（JSTY5070GGS）', '2013-09-25 00:00:00', '2013-10-19 00:00:00', '柴油', '水箱容积2800L', '217880.0', '在用');
INSERT INTO `ap_car` VALUES (399, '汽车运输服务部', '勤务车队', '清水车', '民航C-75171', '无锡锡梅', '飞机清水车（WXQ5060GQS）', '2011-01-29 00:00:00', '2011-01-31 00:00:00', '柴油', '水箱容积2800L', '194017.09', '在用');
INSERT INTO `ap_car` VALUES (400, '汽车运输服务部', '勤务车队', '污水车', '民航C-75047', '深圳达航', '飞机污水车（WS30）', '2009-01-18 00:00:00', '2009-01-21 00:00:00', '柴油', '清水1000L，污水1800L', '188000.0', '在用');
INSERT INTO `ap_car` VALUES (401, '汽车运输服务部', '勤务车队', '污水车', '民航C-75048', '无锡天一', '飞机污水车（WTJ5050GWS）', '2007-12-10 00:00:00', '2007-12-25 00:00:00', '柴油', '清水970L，污水1930L', '190000.0', '在用');
INSERT INTO `ap_car` VALUES (402, '汽车运输服务部', '勤务车队', '污水车', '民航C-75216', '无锡天一', '飞机污水车（JSTY5070GWS）', '2013-09-01 00:00:00', '2013-09-01 00:00:00', '柴油', '清水1400L，污水2360L', '224900.0', '在用');
INSERT INTO `ap_car` VALUES (403, '汽车运输服务部', '勤务车队', '污水车', '民航C-75323', '无锡天一', '飞机污水车（JSTY5070GWS）', '2015-09-29 00:00:00', '2015-10-09 00:00:00', '柴油', '清水1400L，污水2360L', '268376.07', '在用');
INSERT INTO `ap_car` VALUES (404, '汽车运输服务部', '勤务车队', '污水车', '民航C-75395', '无锡天一', '飞机污水车（JSTY5070GWS）', '2018-03-21 00:00:00', '2018-03-27 00:00:00', '柴油', '清水1400L，污水2360L', '/', '在用');
INSERT INTO `ap_car` VALUES (405, '汽车运输服务部', '勤务车队', '污水车', '民航C-75324', '无锡天一', '飞机污水车（JSTY5070GWS）', '2015-09-29 00:00:00', '2015-10-09 00:00:00', '柴油', '清水1400L，污水2360L', '268376.07', '在用');
INSERT INTO `ap_car` VALUES (406, '汽车运输服务部', '勤务车队', '污水车', '民航C-75170', '无锡锡梅', '飞机污水车（WXQ5060GWS）', '2011-01-29 00:00:00', '2011-01-31 00:00:00', '柴油', '水箱总容积2800L', '202564.1', '在用');
INSERT INTO `ap_car` VALUES (407, '汽车运输服务部', '勤务车队', '垃圾车', '民航C-75051', '深圳达航', '飞机垃圾车（TK-LJ1000R）', '2009-11-25 00:00:00', '2010-01-24 00:00:00', '柴油', '允许垃圾装载1T', '196000.0', '在用');
INSERT INTO `ap_car` VALUES (408, '汽车运输服务部', '勤务车队', '垃圾车', '民航C-75166', '深圳达航', '飞机垃圾车（TK-LJ1000R）', '2010-09-21 00:00:00', '2010-10-28 00:00:00', '柴油', '允许垃圾装载1T', '217948.72', '在用');
INSERT INTO `ap_car` VALUES (409, '汽车运输服务部', '勤务车队', '垃圾车', '民航C-75049', '无锡天一', '飞机垃圾车（WTJ5050LJC）', '2007-12-03 00:00:00', '2007-12-10 00:00:00', '柴油', '允许垃圾装载0.8T', '240000.0', '在用');
INSERT INTO `ap_car` VALUES (410, '汽车运输服务部', '勤务车队', '垃圾车', '民航C-75220', '无锡天一', '飞机垃圾车（WTJ5060LJC）', '2014-01-02 00:00:00', '2014-01-26 00:00:00', '柴油', '允许垃圾装载1T', '208376.07', '在用');
INSERT INTO `ap_car` VALUES (411, '汽车运输服务部', '勤务车队', '垃圾车', '民航C-75223', '无锡天一', '飞机垃圾车（WTJ5060LJC）', '2014-01-02 00:00:00', '2014-01-26 00:00:00', '柴油', '允许垃圾装载1T', '208376.07', '在用');
INSERT INTO `ap_car` VALUES (412, '汽车运输服务部', '勤务车队', '垃圾车', '民航C-75328', '无锡天一', '飞机垃圾车（WTJ5060LJC）', '2015-10-12 00:00:00', '2015-10-22 00:00:00', '柴油', '允许垃圾装载1.5T', '276068.38', '在用');
INSERT INTO `ap_car` VALUES (413, '汽车运输服务部', '勤务车队', '垃圾车', '民航C-75329', '无锡天一', '飞机垃圾车（WTJ5060LJC）', '2015-10-12 00:00:00', '2015-10-22 00:00:00', '柴油', '允许垃圾装载1.5T', '276068.38', '在用');
INSERT INTO `ap_car` VALUES (414, '汽车运输服务部', '勤务车队', '垃圾车', '民航C-75355', '无锡天一', '飞机垃圾车（WTJ5060LJC）', '2016-10-20 00:00:00', '2016-10-27 00:00:00', '柴油', '允许垃圾装载1T', '200854.7', '在用');
INSERT INTO `ap_car` VALUES (415, '汽车运输服务部', '勤务车队', '垃圾车', '民航C-75504', '重庆达航', '飞机垃圾车（WTJ5060LJC）', '2019-01-21 00:00:00', '2019-01-23 00:00:00', '柴油', '允许垃圾装载1.5T', '/', '在用');
INSERT INTO `ap_car` VALUES (416, '汽车运输服务部', '勤务车队', '引导车', '民航C-75127', '一汽捷达', '飞机引导车（捷达FV7160FG）', '2010-06-28 00:00:00', '2010-07-13 00:00:00', '汽油', '载客5人', '97856.0', '在用');
INSERT INTO `ap_car` VALUES (417, '汽车运输服务部', '勤务车队', '引导车', '民航C-75128', '一汽捷达', '飞机引导车（捷达FV7160FG）', '2010-06-28 00:00:00', '2010-07-13 00:00:00', '汽油', '载客5人', '97856.0', '在用');
INSERT INTO `ap_car` VALUES (418, '汽车运输服务部', '勤务车队', '引导车', '民航C-75129', '一汽捷达', '飞机引导车（捷达FV7160FG）', '2010-06-28 00:00:00', '2010-07-13 00:00:00', '汽油', '载客5人', '97856.0', '在用');
INSERT INTO `ap_car` VALUES (419, '汽车运输服务部', '勤务车队', '引导车', '民航C-75131', '一汽捷达', '飞机引导车（捷达FV7160FG）', '2008-07-25 00:00:00', '2008-07-30 00:00:00', '汽油', '载客5人', '72710.0', '在用');
INSERT INTO `ap_car` VALUES (420, '汽车运输服务部', '勤务车队', '引导车', '民航C-75132', '一汽捷达', '飞机引导车（捷达FV7160FG）', '2009-12-06 00:00:00', '2009-12-20 00:00:00', '汽油', '载客5人', '73000.0', '在用');
INSERT INTO `ap_car` VALUES (421, '汽车运输服务部', '勤务车队', '引导车', '民航C-75335', '东风牌', '飞机引导车(ZN6462W1X4)', '2015-10-30 00:00:00', '2015-11-06 00:00:00', '汽油', '载客5人', '161879.41', '在用');
INSERT INTO `ap_car` VALUES (422, '汽车运输服务部', '勤务车队', '引导车', '民航C-75336', '东风牌', '飞机引导车(ZN6462W1X4)', '2015-10-30 00:00:00', '2015-11-06 00:00:00', '汽油', '载客5人', '161879.41', '在用');
INSERT INTO `ap_car` VALUES (423, '汽车运输服务部', '勤务车队', '引导车', '民航C-75337', '东风牌', '飞机引导车(ZN6462W1X4)', '2015-10-30 00:00:00', '2015-11-06 00:00:00', '汽油', '载客5人', '161879.41', '在用');
INSERT INTO `ap_car` VALUES (424, '汽车运输服务部', '勤务车队', '引导车', '民航C-75510', '东风牌', '东风牌ZN6463VAU5B', '2018-03-28 00:00:00', '2019-02-15 00:00:00', '汽油', '载客5人', '152796.0', '在用');
INSERT INTO `ap_car` VALUES (425, '汽车运输服务部', '勤务车队', '引导车', '民航C-75511', '东风牌', '东风牌ZN6463VAU6B', '2018-04-02 00:00:00', '2019-02-15 00:00:00', '汽油', '载客5人', '152796.0', '在用');
INSERT INTO `ap_car` VALUES (426, '汽车运输服务部', '勤务车队', '电瓶车', '民航C-75113', '苏州益高', '电瓶观光车', '2006-02-09 00:00:00', '2006-02-09 00:00:00', '电瓶', '载客12人', '55000.0', '在用');
INSERT INTO `ap_car` VALUES (427, '汽车运输服务部', '勤务车队', '加油车', '民航C-75307', '程力威牌', '车辆加油车(CLW5080GJY4)', '2015-08-27 00:00:00', '2015-10-08 00:00:00', '柴油', '载客5人', '166666.67', '在用');
INSERT INTO `ap_car` VALUES (428, '汽车运输服务部', '勤务车队', '机组电源', '6#', '威海广泰', '飞机电源机组(WG180PT1)', '2015-10-11 00:00:00', '2015-10-15 00:00:00', '柴油', '电源', '321367.52', '在用');
INSERT INTO `ap_car` VALUES (429, '汽车运输服务部', '勤务车队', '机组电源', '7#', '威海广泰', '飞机电源机组(WG180PT1)', '2015-11-11 00:00:00', '2015-11-15 00:00:00', '柴油', '电源', '321367.52', '在用');
INSERT INTO `ap_car` VALUES (430, '汽车运输服务部', '勤务车队', '电源机组牵引车', '民航C-75077', '上海中港', '电源组牵引车（SZG4032-020）', '2005-01-01 00:00:00', '2005-01-01 00:00:00', '柴油', '最大牵引力2T', '89500.0', '在用');
INSERT INTO `ap_car` VALUES (431, '汽车运输服务部', '勤务车队', '电源机组牵引车', '民航C-76126', '上海中港', '电源组牵引车（SZG4032-020）', '2010-08-20 00:00:00', '2010-08-20 00:00:00', '柴油', '最大牵引力2T', '/', '在用');
INSERT INTO `ap_car` VALUES (432, '汽车运输服务部', '勤务车队', '电源机组牵引车', '民航C-75076', '上海中港', '电源组牵引车（SZG4032-020）', '2005-01-01 00:00:00', '2005-01-01 00:00:00', '柴油', '最大牵引力2T', '89500.0', '在用');
INSERT INTO `ap_car` VALUES (433, '/', '/', '特殊车', '琼B06471', '丰田柯斯达', '贵宾中巴车', '2008-06-12 00:00:00', '2008-09-09 00:00:00', '柴油', '最大载客20人', '416.273.00', '在用');
INSERT INTO `ap_car` VALUES (434, '/', '/', '特殊车', '民航C-75053', '威海广泰', '行李传送带车', '2004-12-26 00:00:00', '2005-05-10 00:00:00', '柴油', '传送带承载力1T', '280.000.00', '在用');
INSERT INTO `ap_car` VALUES (435, '/', '/', '特殊车', '民航C-75064', '上海腾达', '行李传送带车', '0000-00-00 00:00:00', '2010-02-12 00:00:00', '柴油', '传送带承载力1.2T', '230.000.00', '在用');
INSERT INTO `ap_car` VALUES (436, '/', '/', '特殊车', '民航C-75379', '苏州益高', '四轮电瓶车', '2017-03-20 00:00:00', '2017-03-20 00:00:00', '电瓶', '6座', NULL, '在用');
INSERT INTO `ap_car` VALUES (437, '/', '/', '特殊车', '/', '丰田', '普拉多', '2017-03-07 00:00:00', '2017-03-07 00:00:00', '汽油', '7座', NULL, '在用');

-- ----------------------------
-- Table structure for ap_dept
-- ----------------------------
DROP TABLE IF EXISTS `ap_dept`;
CREATE TABLE `ap_dept`  (
  `dept_seq` int(11) NOT NULL AUTO_INCREMENT COMMENT '部门序号',
  `dept_name` varchar(30) CHARACTER SET utf8 COLLATE utf8_general_ci NULL DEFAULT '' COMMENT '部门名称',
  `dept_status` tinyint(1) NULL DEFAULT 0 COMMENT '部门状态（0正常 1禁用）',
  `dept_create_by` varchar(64) CHARACTER SET utf8 COLLATE utf8_general_ci NULL DEFAULT '' COMMENT '创建者',
  `dept_create_time` datetime(0) NULL DEFAULT NULL COMMENT '创建时间',
  `dept_update_by` varchar(64) CHARACTER SET utf8 COLLATE utf8_general_ci NULL DEFAULT '' COMMENT '更新者',
  `dept_update_time` datetime(0) NULL DEFAULT NULL COMMENT '更新时间',
  `dept_parent_seq` int(11) NULL DEFAULT 0 COMMENT '父部门序号',
  PRIMARY KEY (`dept_seq`) USING BTREE
) ENGINE = InnoDB AUTO_INCREMENT = 2 CHARACTER SET = utf8 COLLATE = utf8_general_ci COMMENT = '部门表' ROW_FORMAT = Compact;

-- ----------------------------
-- Records of ap_dept
-- ----------------------------
INSERT INTO `ap_dept` VALUES (1, '运保部', 0, 'admin', '2019-03-28 02:40:02', '', NULL, 0);

-- ----------------------------
-- Table structure for ap_driver
-- ----------------------------
DROP TABLE IF EXISTS `ap_driver`;
CREATE TABLE `ap_driver`  (
  `driver_seq` int(11) NOT NULL COMMENT '司机序号',
  `driver_name` varchar(50) CHARACTER SET utf8 COLLATE utf8_general_ci NOT NULL COMMENT '司机名称',
  PRIMARY KEY (`driver_seq`) USING BTREE
) ENGINE = InnoDB CHARACTER SET = utf8 COLLATE = utf8_general_ci ROW_FORMAT = Compact;

-- ----------------------------
-- Records of ap_driver
-- ----------------------------
INSERT INTO `ap_driver` VALUES (1, '燎燎燎');

-- ----------------------------
-- Table structure for ap_menu
-- ----------------------------
DROP TABLE IF EXISTS `ap_menu`;
CREATE TABLE `ap_menu`  (
  `menu_seq` int(11) NOT NULL AUTO_INCREMENT COMMENT '菜单序号',
  `menu_name` varchar(50) CHARACTER SET utf8 COLLATE utf8_general_ci NOT NULL COMMENT '菜单名称',
  `menu_level` int(11) NOT NULL COMMENT '菜单等级',
  `menu_url` varchar(200) CHARACTER SET utf8 COLLATE utf8_general_ci NOT NULL DEFAULT '#' COMMENT '菜单地址',
  `menu_icon` varchar(100) CHARACTER SET utf8 COLLATE utf8_general_ci NULL DEFAULT '#' COMMENT '菜单图标',
  `menu_create_by` varchar(64) CHARACTER SET utf8 COLLATE utf8_general_ci NULL DEFAULT '' COMMENT '菜单创建者',
  `menu_create_time` datetime(0) NULL DEFAULT NULL COMMENT '菜单创建时间',
  `menu_update_by` int(11) UNSIGNED ZEROFILL NULL DEFAULT NULL COMMENT '菜单更新者',
  `menu_update_time` datetime(0) NULL DEFAULT NULL COMMENT '菜单更新时间',
  `menu_remark` varchar(500) CHARACTER SET utf8 COLLATE utf8_general_ci NULL DEFAULT '' COMMENT '菜单备注',
  `menu_parent_seq` int(11) NULL DEFAULT 0 COMMENT '菜单父菜单序号',
  PRIMARY KEY (`menu_seq`) USING BTREE
) ENGINE = InnoDB AUTO_INCREMENT = 21 CHARACTER SET = utf8 COLLATE = utf8_general_ci COMMENT = '菜单权限表' ROW_FORMAT = Compact;

-- ----------------------------
-- Records of ap_menu
-- ----------------------------
INSERT INTO `ap_menu` VALUES (1, '运营监管', 1, '/monitor', 'monitor', '1', '0000-00-00 00:00:00', 00000000000, '0000-00-00 00:00:00', '', 0);
INSERT INTO `ap_menu` VALUES (2, '交通监管', 2, '/monitor/traffic', 'none', '1', '0000-00-00 00:00:00', 00000000000, '0000-00-00 00:00:00', '', 1);
INSERT INTO `ap_menu` VALUES (3, '预警监管', 2, '/monitor/aew', 'none', '1', '0000-00-00 00:00:00', 00000000000, '0000-00-00 00:00:00', '', 1);
INSERT INTO `ap_menu` VALUES (4, '事故监管', 2, '/monitor/accident', 'none', '1', '0000-00-00 00:00:00', 00000000000, '0000-00-00 00:00:00', '', 1);
INSERT INTO `ap_menu` VALUES (5, '视频监管', 2, '/monitor/video', 'none', '1', '0000-00-00 00:00:00', 00000000000, '0000-00-00 00:00:00', '', 1);
INSERT INTO `ap_menu` VALUES (6, 'GIS 功能', 1, '/gis', 'gis', '1', '0000-00-00 00:00:00', 00000000000, '0000-00-00 00:00:00', '', 0);
INSERT INTO `ap_menu` VALUES (7, '地图管理', 2, '/gis/map', 'none', '1', '0000-00-00 00:00:00', 00000000000, '0000-00-00 00:00:00', '', 6);
INSERT INTO `ap_menu` VALUES (8, '系统维护', 1, '/sysops', 'ops', '1', '0000-00-00 00:00:00', 00000000000, '0000-00-00 00:00:00', '', 0);
INSERT INTO `ap_menu` VALUES (9, '飞机信息', 2, '/sysops/plane', 'none', '1', '0000-00-00 00:00:00', 00000000000, '0000-00-00 00:00:00', '', 8);
INSERT INTO `ap_menu` VALUES (10, '车辆信息', 2, '/sysops/car', 'none', '1', '0000-00-00 00:00:00', 00000000000, '0000-00-00 00:00:00', '', 8);
INSERT INTO `ap_menu` VALUES (11, '人员信息', 2, '/sysops/person', 'none', '1', '0000-00-00 00:00:00', 00000000000, '0000-00-00 00:00:00', '', 8);
INSERT INTO `ap_menu` VALUES (12, '保障信息', 2, '/sysops/safeguard', 'none', '1', '0000-00-00 00:00:00', 00000000000, '0000-00-00 00:00:00', '', 8);
INSERT INTO `ap_menu` VALUES (13, '历史信息', 2, '/sysops/history', 'none', '1', '0000-00-00 00:00:00', 00000000000, '0000-00-00 00:00:00', '', 8);
INSERT INTO `ap_menu` VALUES (14, '硬件信息', 2, '/sysops/hardware', 'none', '1', '0000-00-00 00:00:00', 00000000000, '0000-00-00 00:00:00', '', 8);
INSERT INTO `ap_menu` VALUES (15, '系统管理', 1, '/sysconfig', 'config', '1', '0000-00-00 00:00:00', 00000000000, '0000-00-00 00:00:00', '', 0);
INSERT INTO `ap_menu` VALUES (16, '用户管理', 2, '/sysconfig/user', 'none', '1', '0000-00-00 00:00:00', 00000000000, '0000-00-00 00:00:00', '', 15);
INSERT INTO `ap_menu` VALUES (17, '角色管理', 2, '/sysconfig/role', 'none', '1', '0000-00-00 00:00:00', 00000000000, '0000-00-00 00:00:00', '', 15);
INSERT INTO `ap_menu` VALUES (18, '菜单管理', 2, '/sysconfig/menu', 'none', '1', '0000-00-00 00:00:00', 00000000000, '0000-00-00 00:00:00', '', 15);
INSERT INTO `ap_menu` VALUES (19, '日志管理', 2, '/sysconfig/log', 'none', '1', '0000-00-00 00:00:00', 00000000000, '0000-00-00 00:00:00', '', 15);
INSERT INTO `ap_menu` VALUES (20, '数据库管理', 2, '/sysconfig/db', 'none', '1', '0000-00-00 00:00:00', 00000000000, '0000-00-00 00:00:00', '', 15);

-- ----------------------------
-- Table structure for ap_oper_log
-- ----------------------------
DROP TABLE IF EXISTS `ap_oper_log`;
CREATE TABLE `ap_oper_log`  (
  `oper_id` int(11) NOT NULL AUTO_INCREMENT COMMENT '日志主键',
  `log_title` varchar(50) CHARACTER SET utf8 COLLATE utf8_general_ci NULL DEFAULT '' COMMENT '模块标题',
  `business_type` tinyint(2) NULL DEFAULT 0 COMMENT '业务类型（0其它 1新增 2修改 3删除）',
  `method` varchar(100) CHARACTER SET utf8 COLLATE utf8_general_ci NULL DEFAULT '' COMMENT '方法名称',
  `operator_type` tinyint(2) NULL DEFAULT 0 COMMENT '操作类别（0其它 1后台用户 2手机端用户）',
  `oper_name` varchar(50) CHARACTER SET utf8 COLLATE utf8_general_ci NULL DEFAULT '' COMMENT '操作人员',
  `dept_name` varchar(50) CHARACTER SET utf8 COLLATE utf8_general_ci NULL DEFAULT '' COMMENT '部门名称',
  `oper_url` varchar(255) CHARACTER SET utf8 COLLATE utf8_general_ci NULL DEFAULT '' COMMENT '请求URL',
  `oper_ip` varchar(50) CHARACTER SET utf8 COLLATE utf8_general_ci NULL DEFAULT '' COMMENT '主机地址',
  `oper_location` varchar(255) CHARACTER SET utf8 COLLATE utf8_general_ci NULL DEFAULT '' COMMENT '操作地点',
  `oper_param` varchar(255) CHARACTER SET utf8 COLLATE utf8_general_ci NULL DEFAULT '' COMMENT '请求参数',
  `log_status` tinyint(1) NULL DEFAULT 0 COMMENT '操作状态（0正常 1异常）',
  `error_msg` varchar(2000) CHARACTER SET utf8 COLLATE utf8_general_ci NULL DEFAULT '' COMMENT '错误消息',
  `oper_time` datetime(0) NULL DEFAULT NULL COMMENT '操作时间',
  `oper_desc` varchar(1024) CHARACTER SET utf8 COLLATE utf8_general_ci NULL DEFAULT '' COMMENT '操作描述',
  `log_type` tinyint(2) NULL DEFAULT 2 COMMENT '操作类型1:登录/登出日志，2:设置日志，3:交易日志,4:删除日志，0：操作日志删除记录（此类型不能删除）',
  PRIMARY KEY (`oper_id`) USING BTREE
) ENGINE = InnoDB AUTO_INCREMENT = 1 CHARACTER SET = utf8 COLLATE = utf8_general_ci COMMENT = '操作日志记录' ROW_FORMAT = Compact;

-- ----------------------------
-- Table structure for ap_role
-- ----------------------------
DROP TABLE IF EXISTS `ap_role`;
CREATE TABLE `ap_role`  (
  `role_seq` int(11) NOT NULL AUTO_INCREMENT COMMENT '角色序号',
  `role_name` varchar(30) CHARACTER SET utf8 COLLATE utf8_general_ci NOT NULL COMMENT '角色名称',
  `role_mark` varchar(50) CHARACTER SET utf8 COLLATE utf8_general_ci NOT NULL COMMENT '角色标记',
  `role_status` tinyint(1) NULL DEFAULT 0 COMMENT '角色状态（0正常 1停用）',
  `role_create_by` varchar(64) CHARACTER SET utf8 COLLATE utf8_general_ci NULL DEFAULT '' COMMENT '角色创建者',
  `role_create_time` datetime(0) NULL DEFAULT NULL COMMENT '角色创建时间',
  `role_update_by` varchar(64) CHARACTER SET utf8 COLLATE utf8_general_ci NULL DEFAULT '' COMMENT '角色更新者',
  `role_update_time` datetime(0) NULL DEFAULT NULL COMMENT '角色更新时间',
  `role_remark` varchar(500) CHARACTER SET utf8 COLLATE utf8_general_ci NULL DEFAULT NULL COMMENT '角色备注',
  PRIMARY KEY (`role_seq`) USING BTREE
) ENGINE = InnoDB AUTO_INCREMENT = 2 CHARACTER SET = utf8 COLLATE = utf8_general_ci COMMENT = '角色信息表' ROW_FORMAT = Compact;

-- ----------------------------
-- Records of ap_role
-- ----------------------------
INSERT INTO `ap_role` VALUES (1, '系统管理员', 'administrator', 0, '', '2019-03-28 02:42:39', '', NULL, '');

-- ----------------------------
-- Table structure for ap_role_menu
-- ----------------------------
DROP TABLE IF EXISTS `ap_role_menu`;
CREATE TABLE `ap_role_menu`  (
  `role_seq` int(11) NOT NULL COMMENT '角色序号',
  `menu_seq` int(11) NOT NULL COMMENT '菜单序号',
  PRIMARY KEY (`role_seq`, `menu_seq`) USING BTREE
) ENGINE = InnoDB CHARACTER SET = utf8 COLLATE = utf8_general_ci COMMENT = '角色和菜单关联表' ROW_FORMAT = Compact;

-- ----------------------------
-- Records of ap_role_menu
-- ----------------------------
INSERT INTO `ap_role_menu` VALUES (1, 1);
INSERT INTO `ap_role_menu` VALUES (1, 2);
INSERT INTO `ap_role_menu` VALUES (1, 3);
INSERT INTO `ap_role_menu` VALUES (1, 4);
INSERT INTO `ap_role_menu` VALUES (1, 5);
INSERT INTO `ap_role_menu` VALUES (1, 6);
INSERT INTO `ap_role_menu` VALUES (1, 7);
INSERT INTO `ap_role_menu` VALUES (1, 8);
INSERT INTO `ap_role_menu` VALUES (1, 9);
INSERT INTO `ap_role_menu` VALUES (1, 10);
INSERT INTO `ap_role_menu` VALUES (1, 11);
INSERT INTO `ap_role_menu` VALUES (1, 12);
INSERT INTO `ap_role_menu` VALUES (1, 13);
INSERT INTO `ap_role_menu` VALUES (1, 14);
INSERT INTO `ap_role_menu` VALUES (1, 15);
INSERT INTO `ap_role_menu` VALUES (1, 16);
INSERT INTO `ap_role_menu` VALUES (1, 17);
INSERT INTO `ap_role_menu` VALUES (1, 18);
INSERT INTO `ap_role_menu` VALUES (1, 19);
INSERT INTO `ap_role_menu` VALUES (1, 20);

-- ----------------------------
-- Table structure for ap_user
-- ----------------------------
DROP TABLE IF EXISTS `ap_user`;
CREATE TABLE `ap_user`  (
  `user_seq` int(11) NOT NULL AUTO_INCREMENT COMMENT '用户序号',
  `user_name` varchar(30) CHARACTER SET utf8 COLLATE utf8_general_ci NOT NULL COMMENT '用户登录账号',
  `user_pwd` varchar(50) CHARACTER SET utf8 COLLATE utf8_general_ci NOT NULL COMMENT '用户密码',
  `user_nick` varchar(30) CHARACTER SET utf8 COLLATE utf8_general_ci NULL DEFAULT '' COMMENT '用户昵称',
  `user_type` tinyint(2) NULL DEFAULT 1 COMMENT '用户类型（1普通用户，2管理员）',
  `user_sex` tinyint(2) NULL DEFAULT 1 COMMENT '用户性别（1男，2女）',
  `user_status` tinyint(1) NULL DEFAULT 0 COMMENT '用户状态（0 表示正常）（1表示禁用）',
  `user_mobile` varchar(20) CHARACTER SET utf8 COLLATE utf8_general_ci NOT NULL COMMENT '用户手机号码',
  `user_tel` varchar(25) CHARACTER SET utf8 COLLATE utf8_general_ci NULL DEFAULT '' COMMENT '用户座机号 区号+7位座机号',
  `user_email` varchar(50) CHARACTER SET utf8 COLLATE utf8_general_ci NOT NULL COMMENT '用户邮箱',
  `user_avatar` varchar(100) CHARACTER SET utf8 COLLATE utf8_general_ci NULL DEFAULT '' COMMENT '用户头像路径',
  `user_reg_date` datetime(0) NOT NULL COMMENT '用户注册日期 ',
  `user_last_date` datetime(0) NULL DEFAULT NULL COMMENT '用户上次登录时间',
  `user_last_ip` varchar(20) CHARACTER SET utf8 COLLATE utf8_general_ci NULL DEFAULT NULL COMMENT '用户上次登录IP',
  `user_update_by` varchar(64) CHARACTER SET utf8 COLLATE utf8_general_ci NULL DEFAULT '' COMMENT '用户更新者',
  `user_update_time` datetime(0) NULL DEFAULT NULL COMMENT '用户更新时间',
  `user_dept_seq` int(11) NOT NULL COMMENT '用户部门序号',
  PRIMARY KEY (`user_seq`) USING BTREE
) ENGINE = InnoDB AUTO_INCREMENT = 2 CHARACTER SET = utf8 COLLATE = utf8_general_ci COMMENT = '用户信息表' ROW_FORMAT = Compact;

-- ----------------------------
-- Records of ap_user
-- ----------------------------
INSERT INTO `ap_user` VALUES (1, 'admin', 'd9f6e636e369552839e7bb8057aeb8da', 'admin', 2, 1, 0, '', '', 'admin@br.com', 'default_avatar', '2019-03-18 19:15:03', '2019-03-18 17:00:10', '127.0.0.1', '', NULL, 1);

-- ----------------------------
-- Table structure for ap_user_role
-- ----------------------------
DROP TABLE IF EXISTS `ap_user_role`;
CREATE TABLE `ap_user_role`  (
  `user_seq` int(11) NOT NULL COMMENT '用户序号',
  `role_seq` int(11) NOT NULL COMMENT '角色序号',
  PRIMARY KEY (`user_seq`, `role_seq`) USING BTREE
) ENGINE = InnoDB CHARACTER SET = utf8 COLLATE = utf8_general_ci COMMENT = '用户和角色关联表' ROW_FORMAT = Compact;

-- ----------------------------
-- Records of ap_user_role
-- ----------------------------
INSERT INTO `ap_user_role` VALUES (1, 1);

SET FOREIGN_KEY_CHECKS = 1;
